Key,id,Japanese(ja),English(en)
"ConversationFatherAndDaughter-Canvas-CommonSettingsPanel-SettingsContainer-BackButton-Text (TMP) ""戻る""",0,戻る,
"ConversationFatherAndDaughter-Canvas-CommonSettingsPanel-SettingsContainer-BGMVolumeControl-LabelText ""BGM音量""",0,BＧＭ,
"ConversationFatherAndDaughter-Canvas-CommonSettingsPanel-SettingsContainer-SaveAndQuitButton-Text (TMP) ""保存して終了""",0,セーブしてから終了,
"ConversationFatherAndDaughter-Canvas-CommonSettingsPanel-SettingsContainer-SEVolumeControl-LabelText ""SE音量""",0,ＳＥ,
DaughterRequest-Canvas-BackgroundPanel-WishTextFromMyDaughter,0,New Text,
HerMainScene-GameObject-Canvas-FolderPanel -FolderButton_1 (思い出)-Text (TMP),0,思い出,
HerMainScene-GameObject-Canvas-SettingsPanel-SettingsContainer-BackButton-Text (TMP),0,戻る,
HerMainScene-GameObject-Canvas-SettingsPanel-SettingsContainer-BGMVolumeControl-LabelText,0,BＧＭ,
HerMainScene-GameObject-Canvas-SettingsPanel-SettingsContainer-SaveAndQuitButton-Text (TMP),0,セーブしてから終了,
HerMainScene-GameObject-Canvas-SettingsPanel-SettingsContainer-SEVolumeControl-LabelText,0,ＳＥ,
HerMainScene-GameObject-Canvas-思い出FilePanel-思い出ファイル-似顔絵.png-Text (TMP),0,似顔絵,
"HerMainScene-GameObject-Canvas-似顔絵.FilePanel-DeleteSelectionPanel-ButtonContainer-CancelButton-Text (TMP)""いいえ""",0,いいえ,
"HerMainScene-GameObject-Canvas-似顔絵.FilePanel-DeleteSelectionPanel-ButtonContainer-ConfirmButton-Text (TMP)""はい""",0,はい,
HerMainScene-GameObject-Canvas-似顔絵.FilePanel-DeleteSelectionPanel-MessageContainer-ConfirmationMessageText,0,似顔絵を捨てますか？,
HerMainScene-GameObject-Canvas-似顔絵.FilePanel-TitleBar-TitleText,0,似顔絵.png,
MainScene-GameObject-Canvas-FirstFileOpenTipText,0,たしかファイルはダブルクリックで開けるはず,
MainScene-GameObject-Canvas-FolderPanel -FolderButton_1 (思い出)-Text (TMP),0,思い出,
MainScene-GameObject-Canvas-FolderPanel -FolderButton_2 (恋人)-Text (TMP),0,恋人,
MainScene-GameObject-Canvas-FolderPanel -FolderButton_3 (友人)-Text (TMP),0,友人,
MainScene-GameObject-Canvas-FolderPanel -FolderButton_4 (記録)-Text (TMP),0,記録,
MainScene-GameObject-Canvas-FolderPanel -FolderButton_5 (願い)-Text (TMP),0,願い,
MainScene-GameObject-Canvas-SettingsPanel-SettingsContainer-BackButton-Text (TMP),0,戻る,
MainScene-GameObject-Canvas-SettingsPanel-SettingsContainer-BGMVolumeControl-LabelText,0,BＧＭ,
MainScene-GameObject-Canvas-SettingsPanel-SettingsContainer-SaveAndQuitButton-Text (TMP),0,セーブしてから終了,
MainScene-GameObject-Canvas-SettingsPanel-SettingsContainer-SEVolumeControl-LabelText,0,ＳＥ,
MainScene-GameObject-Canvas-カフェの彼女.PNGFilePanel-TitleBar-TitleText,0,カフェの彼女.png,
MainScene-GameObject-Canvas-プレゼント.TXTFilePanel-ContentScrollView-Viewport-Content-DialogueArea-DialogLine,0,ちょうどいい場所だ...,
MainScene-GameObject-Canvas-プレゼント.TXTFilePanel-ContentScrollView-Viewport-Content-DialogueArea-DialogLine (1),0,何をされているんですか？,
MainScene-GameObject-Canvas-プレゼント.TXTFilePanel-ContentScrollView-Viewport-Content-DialogueArea-DialogLine (2),0,彼女へのサプライズです,
MainScene-GameObject-Canvas-プレゼント.TXTFilePanel-ContentScrollView-Viewport-Content-DialogueArea-DialogLine (3),0,ここに住んでる方のお知り合いですか？,
MainScene-GameObject-Canvas-プレゼント.TXTFilePanel-ContentScrollView-Viewport-Content-DialogueArea-DialogLine (4),0,はい、まだ彼女には内緒なんです,
MainScene-GameObject-Canvas-プレゼント.TXTFilePanel-ContentScrollView-Viewport-Content-DialogueArea-DialogLine (5),0,...,
MainScene-GameObject-Canvas-プレゼント.TXTFilePanel-ContentScrollView-Viewport-Content-DialogueArea-DialogLine (6),0,一生懸命描いた絵なんです。,
MainScene-GameObject-Canvas-プレゼント.TXTFilePanel-ContentScrollView-Viewport-Content-DialogueArea-DialogLine (6.1),0,きっと喜んでもらえるはずです。,
MainScene-GameObject-Canvas-プレゼント.TXTFilePanel-ContentScrollView-Viewport-Content-DialogueArea-DialogLine (7),0,そうですか...,
MainScene-GameObject-Canvas-プレゼント.TXTFilePanel-ContentScrollView-Viewport-Content-DropAreas-DropArea (1)-Text (TMP),0,ここにドロップ,
MainScene-GameObject-Canvas-プレゼント.TXTFilePanel-ContentScrollView-Viewport-Content-DropAreas-DropArea (2)-Text (TMP),0,ここにドロップ,
MainScene-GameObject-Canvas-プレゼント.TXTFilePanel-ContentScrollView-Viewport-Content-DropAreas-DropArea (3)-Text (TMP),0,ここにドロップ,
MainScene-GameObject-Canvas-プレゼント.TXTFilePanel-ContentScrollView-Viewport-Content-DropAreas-DropArea (4)-Text (TMP),0,ここにドロップ,
MainScene-GameObject-Canvas-プレゼント.TXTFilePanel-ContentScrollView-Viewport-Content-DropAreas-DropArea (5)-Text (TMP),0,ここにドロップ,
MainScene-GameObject-Canvas-プレゼント.TXTFilePanel-ContentScrollView-Viewport-Content-DropAreas-DropArea (6)-Text (TMP),0,ここにドロップ,
MainScene-GameObject-Canvas-プレゼント.TXTFilePanel-ContentScrollView-Viewport-Content-DropAreas-DropArea (6.1)-Text (TMP),0,ここにドロップ,
MainScene-GameObject-Canvas-プレゼント.TXTFilePanel-ContentScrollView-Viewport-Content-DropAreas-DropArea (7)-Text (TMP),0,ここにドロップ,
MainScene-GameObject-Canvas-プレゼント.TXTFilePanel-ContentScrollView-Viewport-Content-DropAreas-DropArea-Text (TMP),0,ここにドロップ,
MainScene-GameObject-Canvas-プレゼント.TXTFilePanel-InstructionText,0,発言者　（ドラッグして上の空欄にドロップ）,
MainScene-GameObject-Canvas-プレゼント.TXTFilePanel-ProgressPanel-Text (TMP),0,進捗度：  /9,
MainScene-GameObject-Canvas-プレゼント.TXTFilePanel-SpeakerPalette-Landlord-Text (TMP),0,大家さん,
MainScene-GameObject-Canvas-プレゼント.TXTFilePanel-SpeakerPalette-MainCharacter-Text (TMP),0,ぼく,
MainScene-GameObject-Canvas-プレゼント.TXTFilePanel-TitleBar-TitleText,0,プレゼント.txt,
MainScene-GameObject-Canvas-願いFilePanel-願いファイル-被害者の手記.pdf-Text (TMP),0,被害者の手記.pdf,
MainScene-GameObject-Canvas-願いFilePanel-願いファイル-父親からの手紙.pdf-Text (TMP),0,父親からの手紙.pdf,
MainScene-GameObject-Canvas-願いFilePanel-願いファイル-娘からのお願い-Text (TMP),0,娘からのお願い,
MainScene-GameObject-Canvas-記録FilePanel-記録ファイル-警察記録.pdf-Text (TMP),0,警察記録.pdf,
MainScene-GameObject-Canvas-記録FilePanel-記録ファイル-事故報告書.pdf-Text (TMP),0,事故報告書.pdf,
MainScene-GameObject-Canvas-記録FilePanel-記録ファイル-診断書.pdf-Text (TMP),0,診断書.pdf,
MainScene-GameObject-Canvas-偶然の再会.TXTFilePanel-ContentScrollView-Viewport-Content-DialogueArea-DialogLine,0,あ、こんにちは。偶然ですね,
MainScene-GameObject-Canvas-偶然の再会.TXTFilePanel-ContentScrollView-Viewport-Content-DialogueArea-DialogLine (1),0,こんにちは・・・,
MainScene-GameObject-Canvas-偶然の再会.TXTFilePanel-ContentScrollView-Viewport-Content-DialogueArea-DialogLine (10),0,いいですね！,
MainScene-GameObject-Canvas-偶然の再会.TXTFilePanel-ContentScrollView-Viewport-Content-DialogueArea-DialogLine (11),0,フランス文学好きな人、あまり周りにいなくて,
MainScene-GameObject-Canvas-偶然の再会.TXTFilePanel-ContentScrollView-Viewport-Content-DialogueArea-DialogLine (12),0,これ、僕の連絡先です。,
MainScene-GameObject-Canvas-偶然の再会.TXTFilePanel-ContentScrollView-Viewport-Content-DialogueArea-DialogLine (13),0,よかったらメッセージください！,
MainScene-GameObject-Canvas-偶然の再会.TXTFilePanel-ContentScrollView-Viewport-Content-DialogueArea-DialogLine (14),0,ありがとうございます。私も連絡先教えますね,
MainScene-GameObject-Canvas-偶然の再会.TXTFilePanel-ContentScrollView-Viewport-Content-DialogueArea-DialogLine (2),0,あ、前にもカフェに来てましたね,
MainScene-GameObject-Canvas-偶然の再会.TXTFilePanel-ContentScrollView-Viewport-Content-DialogueArea-DialogLine (3),0,僕も常連で、よく見かけるので,
MainScene-GameObject-Canvas-偶然の再会.TXTFilePanel-ContentScrollView-Viewport-Content-DialogueArea-DialogLine (4),0,私も週に2回くらい来るんです。,
MainScene-GameObject-Canvas-偶然の再会.TXTFilePanel-ContentScrollView-Viewport-Content-DialogueArea-DialogLine (5),0,静かで本が読みやすくて,
MainScene-GameObject-Canvas-偶然の再会.TXTFilePanel-ContentScrollView-Viewport-Content-DialogueArea-DialogLine (6),0,その本、プルーストですよね。,
MainScene-GameObject-Canvas-偶然の再会.TXTFilePanel-ContentScrollView-Viewport-Content-DialogueArea-DialogLine (7),0,僕も読んだことあります,
MainScene-GameObject-Canvas-偶然の再会.TXTFilePanel-ContentScrollView-Viewport-Content-DialogueArea-DialogLine (8),0,えっ、本当ですか！？珍しい,
MainScene-GameObject-Canvas-偶然の再会.TXTFilePanel-ContentScrollView-Viewport-Content-DialogueArea-DialogLine (9),0,あの、もしよければ文学の話でも...,
MainScene-GameObject-Canvas-偶然の再会.TXTFilePanel-ContentScrollView-Viewport-Content-DropAreas-DropArea (1)-Text (TMP),0,ここにドロップ,
MainScene-GameObject-Canvas-偶然の再会.TXTFilePanel-ContentScrollView-Viewport-Content-DropAreas-DropArea (10)-Text (TMP),0,ここにドロップ,
MainScene-GameObject-Canvas-偶然の再会.TXTFilePanel-ContentScrollView-Viewport-Content-DropAreas-DropArea (11)-Text (TMP),0,ここにドロップ,
MainScene-GameObject-Canvas-偶然の再会.TXTFilePanel-ContentScrollView-Viewport-Content-DropAreas-DropArea (12)-Text (TMP),0,ここにドロップ,
MainScene-GameObject-Canvas-偶然の再会.TXTFilePanel-ContentScrollView-Viewport-Content-DropAreas-DropArea (13)-Text (TMP),0,ここにドロップ,
MainScene-GameObject-Canvas-偶然の再会.TXTFilePanel-ContentScrollView-Viewport-Content-DropAreas-DropArea (14)-Text (TMP),0,ここにドロップ,
MainScene-GameObject-Canvas-偶然の再会.TXTFilePanel-ContentScrollView-Viewport-Content-DropAreas-DropArea (2)-Text (TMP),0,ここにドロップ,
MainScene-GameObject-Canvas-偶然の再会.TXTFilePanel-ContentScrollView-Viewport-Content-DropAreas-DropArea (3)-Text (TMP),0,ここにドロップ,
MainScene-GameObject-Canvas-偶然の再会.TXTFilePanel-ContentScrollView-Viewport-Content-DropAreas-DropArea (4)-Text (TMP),0,ここにドロップ,
MainScene-GameObject-Canvas-偶然の再会.TXTFilePanel-ContentScrollView-Viewport-Content-DropAreas-DropArea (5)-Text (TMP),0,ここにドロップ,
MainScene-GameObject-Canvas-偶然の再会.TXTFilePanel-ContentScrollView-Viewport-Content-DropAreas-DropArea (6)-Text (TMP),0,ここにドロップ,
MainScene-GameObject-Canvas-偶然の再会.TXTFilePanel-ContentScrollView-Viewport-Content-DropAreas-DropArea (7)-Text (TMP),0,ここにドロップ,
MainScene-GameObject-Canvas-偶然の再会.TXTFilePanel-ContentScrollView-Viewport-Content-DropAreas-DropArea (8)-Text (TMP),0,ここにドロップ,
MainScene-GameObject-Canvas-偶然の再会.TXTFilePanel-ContentScrollView-Viewport-Content-DropAreas-DropArea (9)-Text (TMP),0,ここにドロップ,
MainScene-GameObject-Canvas-偶然の再会.TXTFilePanel-ContentScrollView-Viewport-Content-DropAreas-DropArea-Text (TMP),0,ここにドロップ,
MainScene-GameObject-Canvas-偶然の再会.TXTFilePanel-InstructionText,0,発言者　（ドラッグして上の空欄にドロップ）,
MainScene-GameObject-Canvas-偶然の再会.TXTFilePanel-ProgressPanel-Text (TMP),0,進捗度：  /15,
MainScene-GameObject-Canvas-偶然の再会.TXTFilePanel-SpeakerPalette-MainCharacter-Text (TMP),0,ぼく,
MainScene-GameObject-Canvas-偶然の再会.TXTFilePanel-SpeakerPalette-Woman-Text (TMP),0,彼女,
MainScene-GameObject-Canvas-偶然の再会.TXTFilePanel-TitleBar-TitleText,0,偶然の再会.txt,
MainScene-GameObject-Canvas-警察記録.PDFFilePanel-DocumentArea-DateText,0,届出日：2023年6月12日,
MainScene-GameObject-Canvas-警察記録.PDFFilePanel-DocumentArea-Line1Text,0,"被害者：佐藤 美咲（22歳）
被害内容：ストーカー行為",
MainScene-GameObject-Canvas-警察記録.PDFFilePanel-DocumentArea-Line1Text (1),0,被害者の証言：,
MainScene-GameObject-Canvas-警察記録.PDFFilePanel-DocumentArea-Line1Text (2),0,尾行,
MainScene-GameObject-Canvas-警察記録.PDFFilePanel-DocumentArea-Line1Text (3),0,脅迫,
MainScene-GameObject-Canvas-警察記録.PDFFilePanel-DocumentArea-Line1Text (4),0,侵入,
MainScene-GameObject-Canvas-警察記録.PDFFilePanel-DocumentArea-Line2Text,0,"約3ヶ月前から知らない男性に付きまとわれるようになりました。最初はカフェでの偶然の出会いだと思っていましたが、その後SNSで見つけられ、連絡が来るようになりました。初めは文学の話などで返信していましたが、次第に　　されていることに気づきました。通勤経路や行きつけの場所を知られており、自宅の周辺で見かけることも増えました。
先週からは　　めいたメッセージが増え、「僕たちは特別な関係なのに」「なぜ避けるのか」などと執拗に連絡が来ます。昨日は自宅のポストに知らないうちに手紙が入れられており、　　されたのではないかと不安です。",
MainScene-GameObject-Canvas-警察記録.PDFFilePanel-DocumentArea-Line3Text,0,"対応状況：
　・被害者宅周辺のパトロール強化
　・被疑者への接触禁止の警告
　・被害者への安全指導実施済み",
MainScene-GameObject-Canvas-警察記録.PDFFilePanel-TitleBar-TitleText,0,警察記録.pdf,
MainScene-GameObject-Canvas-警察署前.PNGFilePanel-TitleBar-TitleText,0,警察署前.png,
MainScene-GameObject-Canvas-喧嘩.PNGFilePanel-TitleBar-TitleText,0,喧嘩.png,
MainScene-GameObject-Canvas-最後の警告.TXTFilePanel-ContentScrollView-Viewport-Content-DialogueArea-DialogLine,0,もうやめろ、頼む,
MainScene-GameObject-Canvas-最後の警告.TXTFilePanel-ContentScrollView-Viewport-Content-DialogueArea-DialogLine (1),0,何をやめろって？,
MainScene-GameObject-Canvas-最後の警告.TXTFilePanel-ContentScrollView-Viewport-Content-DialogueArea-DialogLine (2),0,彼女の家の前で待ち伏せしてるって聞いたぞ,
MainScene-GameObject-Canvas-最後の警告.TXTFilePanel-ContentScrollView-Viewport-Content-DialogueArea-DialogLine (3),0,誰が言ったんだ,
MainScene-GameObject-Canvas-最後の警告.TXTFilePanel-ContentScrollView-Viewport-Content-DialogueArea-DialogLine (4),0,関係ない。お前、おかしくなってる,
MainScene-GameObject-Canvas-最後の警告.TXTFilePanel-ContentScrollView-Viewport-Content-DialogueArea-DialogLine (5),0,ぼくが何をした？彼女を愛しているだけだ,
MainScene-GameObject-Canvas-最後の警告.TXTFilePanel-ContentScrollView-Viewport-Content-DialogueArea-DialogLine (6),0,これは愛じゃない,
MainScene-GameObject-Canvas-最後の警告.TXTFilePanel-ContentScrollView-Viewport-Content-DialogueArea-DialogLine (7),0,僕たちのことは君には理解できないよ,
MainScene-GameObject-Canvas-最後の警告.TXTFilePanel-ContentScrollView-Viewport-Content-DialogueArea-DialogLine (8),0,彼女は怖がってるんだぞ,
MainScene-GameObject-Canvas-最後の警告.TXTFilePanel-ContentScrollView-Viewport-Content-DialogueArea-DialogLine (9),0,そんなわけないだろ、何をバカなことを...,
MainScene-GameObject-Canvas-最後の警告.TXTFilePanel-ContentScrollView-Viewport-Content-DropAreas-DropArea (1)-Text (TMP),0,ここにドロップ,
MainScene-GameObject-Canvas-最後の警告.TXTFilePanel-ContentScrollView-Viewport-Content-DropAreas-DropArea (2)-Text (TMP),0,ここにドロップ,
MainScene-GameObject-Canvas-最後の警告.TXTFilePanel-ContentScrollView-Viewport-Content-DropAreas-DropArea (3)-Text (TMP),0,ここにドロップ,
MainScene-GameObject-Canvas-最後の警告.TXTFilePanel-ContentScrollView-Viewport-Content-DropAreas-DropArea (4)-Text (TMP),0,ここにドロップ,
MainScene-GameObject-Canvas-最後の警告.TXTFilePanel-ContentScrollView-Viewport-Content-DropAreas-DropArea (5)-Text (TMP),0,ここにドロップ,
MainScene-GameObject-Canvas-最後の警告.TXTFilePanel-ContentScrollView-Viewport-Content-DropAreas-DropArea (6)-Text (TMP),0,ここにドロップ,
MainScene-GameObject-Canvas-最後の警告.TXTFilePanel-ContentScrollView-Viewport-Content-DropAreas-DropArea (7)-Text (TMP),0,ここにドロップ,
MainScene-GameObject-Canvas-最後の警告.TXTFilePanel-ContentScrollView-Viewport-Content-DropAreas-DropArea (8)-Text (TMP),0,ここにドロップ,
MainScene-GameObject-Canvas-最後の警告.TXTFilePanel-ContentScrollView-Viewport-Content-DropAreas-DropArea (9)-Text (TMP),0,ここにドロップ,
MainScene-GameObject-Canvas-最後の警告.TXTFilePanel-ContentScrollView-Viewport-Content-DropAreas-DropArea-Text (TMP),0,ここにドロップ,
MainScene-GameObject-Canvas-最後の警告.TXTFilePanel-InstructionText,0,発言者　（ドラッグして上の空欄にドロップ）,
MainScene-GameObject-Canvas-最後の警告.TXTFilePanel-ProgressPanel-Text (TMP),0,進捗度：  /10,
MainScene-GameObject-Canvas-最後の警告.TXTFilePanel-SpeakerPalette-Friend-Text (TMP),0,友人,
MainScene-GameObject-Canvas-最後の警告.TXTFilePanel-SpeakerPalette-MainCharacter-Text (TMP),0,ぼく,
MainScene-GameObject-Canvas-最後の警告.TXTFilePanel-TitleBar-TitleText,0,最後の警告.txt,
MainScene-GameObject-Canvas-思い出FilePanel-思い出ファイル-カフェの彼女.png-Text (TMP),0,カフェの彼女.png,
MainScene-GameObject-Canvas-思い出FilePanel-思い出ファイル-偶然の再会.txt-Text (TMP),0,偶然の再会.txt,
MainScene-GameObject-Canvas-思い出FilePanel-思い出ファイル-似顔絵.png-Text (TMP),0,似顔絵,
MainScene-GameObject-Canvas-思い出FilePanel-思い出ファイル-初めて見かけた日.txt-Text (TMP),0,初めて見かけた日.txt,
MainScene-GameObject-Canvas-思い出FilePanel-思い出ファイル-通勤路.png-Text (TMP),0,通勤路.png,
MainScene-GameObject-Canvas-思い出FilePanel-思い出ファイル-彼女のこと.txt-Text (TMP),0,彼女のこと.txt,
MainScene-GameObject-Canvas-事故報告書.PDFFilePanel-DocumentArea-Line1Text,0,"発生日時：2023年7月28日 22:47
発生場所：東京都新宿区桜町△-□□（　　　　　　）
    天候：雨
道路状況：路面湿潤、横断歩道なし",
MainScene-GameObject-Canvas-事故報告書.PDFFilePanel-DocumentArea-Line1Text (1),0,被害者宅付近,
MainScene-GameObject-Canvas-事故報告書.PDFFilePanel-DocumentArea-Line2Text,0,"事故状況：鈴木啓太（28歳・歩行者）が深夜、住宅街の路上を歩行中、横断歩道のない場所で急に車道に飛び出したところ、山田浩二（52歳・乗用車運転手）の運転する乗用車と衝突。走行車は制限速度内で走行しており、雨天による視界不良と急な飛び出しにより回避できなかった。

目撃者証言：
・目撃者Aの証言によると、鈴木啓太は事故直前、マンションの外を　　　　　　　の様子で、何かに気を取られていたとのこと。
・目撃者Bは「車道に向かって走り出す直前、誰かを押すような動作をしていた」と証言。ただし雨天のため詳細は不明。",
MainScene-GameObject-Canvas-事故報告書.PDFFilePanel-DocumentArea-Line2Text (1),0,ストーキング中,
MainScene-GameObject-Canvas-事故報告書.PDFFilePanel-DocumentArea-Line3Text,0,"負傷状況：
鈴木啓太：頭部外傷、右足骨折、　　　　の状態で病院搬送
山田浩二：軽度の首の痛み、ショック症状",
MainScene-GameObject-Canvas-事故報告書.PDFFilePanel-DocumentArea-Line3Text (1),0,意識不明,
MainScene-GameObject-Canvas-事故報告書.PDFFilePanel-TitleBar-TitleText,0,事故報告書.pdf,
MainScene-GameObject-Canvas-似顔絵.PNGFilePanel-TitleBar-TitleText,0,似顔絵.png,
MainScene-GameObject-Canvas-初めての喧嘩.TXTFilePanel-ContentScrollView-Viewport-Content-DialogueArea-DialogLine,0,最近連絡がつかないけど、大丈夫？,
MainScene-GameObject-Canvas-初めての喧嘩.TXTFilePanel-ContentScrollView-Viewport-Content-DialogueArea-DialogLine (1),0,心配してるんだ,
MainScene-GameObject-Canvas-初めての喧嘩.TXTFilePanel-ContentScrollView-Viewport-Content-DialogueArea-DialogLine (10),0,特に何もないです。ただ忙しいだけ,
MainScene-GameObject-Canvas-初めての喧嘩.TXTFilePanel-ContentScrollView-Viewport-Content-DialogueArea-DialogLine (11),0,いつなら会える？,
MainScene-GameObject-Canvas-初めての喧嘩.TXTFilePanel-ContentScrollView-Viewport-Content-DialogueArea-DialogLine (12),0,返事がないと不安になるよ,
MainScene-GameObject-Canvas-初めての喧嘩.TXTFilePanel-ContentScrollView-Viewport-Content-DialogueArea-DialogLine (13),0,昨日あなたのアパートの前を通りかかったんだ,
MainScene-GameObject-Canvas-初めての喧嘩.TXTFilePanel-ContentScrollView-Viewport-Content-DialogueArea-DialogLine (14),0,どうして僕を避けるの？特別な関係でしょ,
MainScene-GameObject-Canvas-初めての喧嘩.TXTFilePanel-ContentScrollView-Viewport-Content-DialogueArea-DialogLine (15),0,もう連絡しないでください,
MainScene-GameObject-Canvas-初めての喧嘩.TXTFilePanel-ContentScrollView-Viewport-Content-DialogueArea-DialogLine (16),0,どうして？何があったの？,
MainScene-GameObject-Canvas-初めての喧嘩.TXTFilePanel-ContentScrollView-Viewport-Content-DialogueArea-DialogLine (17),0,警察に相談しますよ,
MainScene-GameObject-Canvas-初めての喧嘩.TXTFilePanel-ContentScrollView-Viewport-Content-DialogueArea-DialogLine (18),0,僕はただ心配で...,
MainScene-GameObject-Canvas-初めての喧嘩.TXTFilePanel-ContentScrollView-Viewport-Content-DialogueArea-DialogLine (2),0,何か怒らせてしまったかな？,
MainScene-GameObject-Canvas-初めての喧嘩.TXTFilePanel-ContentScrollView-Viewport-Content-DialogueArea-DialogLine (3),0,返事をくれたら嬉しいです,
MainScene-GameObject-Canvas-初めての喧嘩.TXTFilePanel-ContentScrollView-Viewport-Content-DialogueArea-DialogLine (4),0,プルーストの新しい解釈について話したい,
MainScene-GameObject-Canvas-初めての喧嘩.TXTFilePanel-ContentScrollView-Viewport-Content-DialogueArea-DialogLine (5),0,すみません、最近忙しくて,
MainScene-GameObject-Canvas-初めての喧嘩.TXTFilePanel-ContentScrollView-Viewport-Content-DialogueArea-DialogLine (6),0,しばらく返信できないと思います,
MainScene-GameObject-Canvas-初めての喧嘩.TXTFilePanel-ContentScrollView-Viewport-Content-DialogueArea-DialogLine (7),0,何かあったの？手伝えることがあれば言って,
MainScene-GameObject-Canvas-初めての喧嘩.TXTFilePanel-ContentScrollView-Viewport-Content-DialogueArea-DialogLine (8),0,体調を崩したりしてないよね？,
MainScene-GameObject-Canvas-初めての喧嘩.TXTFilePanel-ContentScrollView-Viewport-Content-DialogueArea-DialogLine (9),0,僕が何かしたのなら謝るよ,
MainScene-GameObject-Canvas-初めての喧嘩.TXTFilePanel-ContentScrollView-Viewport-Content-DropAreas-DropArea (1)-Text (TMP),0,ここにドロップ,
MainScene-GameObject-Canvas-初めての喧嘩.TXTFilePanel-ContentScrollView-Viewport-Content-DropAreas-DropArea (10)-Text (TMP),0,ここにドロップ,
MainScene-GameObject-Canvas-初めての喧嘩.TXTFilePanel-ContentScrollView-Viewport-Content-DropAreas-DropArea (11)-Text (TMP),0,ここにドロップ,
MainScene-GameObject-Canvas-初めての喧嘩.TXTFilePanel-ContentScrollView-Viewport-Content-DropAreas-DropArea (12)-Text (TMP),0,ここにドロップ,
MainScene-GameObject-Canvas-初めての喧嘩.TXTFilePanel-ContentScrollView-Viewport-Content-DropAreas-DropArea (13)-Text (TMP),0,ここにドロップ,
MainScene-GameObject-Canvas-初めての喧嘩.TXTFilePanel-ContentScrollView-Viewport-Content-DropAreas-DropArea (14)-Text (TMP),0,ここにドロップ,
MainScene-GameObject-Canvas-初めての喧嘩.TXTFilePanel-ContentScrollView-Viewport-Content-DropAreas-DropArea (15)-Text (TMP),0,ここにドロップ,
MainScene-GameObject-Canvas-初めての喧嘩.TXTFilePanel-ContentScrollView-Viewport-Content-DropAreas-DropArea (16)-Text (TMP),0,ここにドロップ,
MainScene-GameObject-Canvas-初めての喧嘩.TXTFilePanel-ContentScrollView-Viewport-Content-DropAreas-DropArea (17)-Text (TMP),0,ここにドロップ,
MainScene-GameObject-Canvas-初めての喧嘩.TXTFilePanel-ContentScrollView-Viewport-Content-DropAreas-DropArea (18)-Text (TMP),0,ここにドロップ,
MainScene-GameObject-Canvas-初めての喧嘩.TXTFilePanel-ContentScrollView-Viewport-Content-DropAreas-DropArea (2)-Text (TMP),0,ここにドロップ,
MainScene-GameObject-Canvas-初めての喧嘩.TXTFilePanel-ContentScrollView-Viewport-Content-DropAreas-DropArea (3)-Text (TMP),0,ここにドロップ,
MainScene-GameObject-Canvas-初めての喧嘩.TXTFilePanel-ContentScrollView-Viewport-Content-DropAreas-DropArea (4)-Text (TMP),0,ここにドロップ,
MainScene-GameObject-Canvas-初めての喧嘩.TXTFilePanel-ContentScrollView-Viewport-Content-DropAreas-DropArea (5)-Text (TMP),0,ここにドロップ,
MainScene-GameObject-Canvas-初めての喧嘩.TXTFilePanel-ContentScrollView-Viewport-Content-DropAreas-DropArea (6)-Text (TMP),0,ここにドロップ,
MainScene-GameObject-Canvas-初めての喧嘩.TXTFilePanel-ContentScrollView-Viewport-Content-DropAreas-DropArea (7)-Text (TMP),0,ここにドロップ,
MainScene-GameObject-Canvas-初めての喧嘩.TXTFilePanel-ContentScrollView-Viewport-Content-DropAreas-DropArea (8)-Text (TMP),0,ここにドロップ,
MainScene-GameObject-Canvas-初めての喧嘩.TXTFilePanel-ContentScrollView-Viewport-Content-DropAreas-DropArea (9)-Text (TMP),0,ここにドロップ,
MainScene-GameObject-Canvas-初めての喧嘩.TXTFilePanel-ContentScrollView-Viewport-Content-DropAreas-DropArea-Text (TMP),0,ここにドロップ,
MainScene-GameObject-Canvas-初めての喧嘩.TXTFilePanel-InstructionText,0,発言者　（ドラッグして上の空欄にドロップ）,
MainScene-GameObject-Canvas-初めての喧嘩.TXTFilePanel-ProgressPanel-Text (TMP),0,進捗度：  /19,
MainScene-GameObject-Canvas-初めての喧嘩.TXTFilePanel-SpeakerPalette-MainCharacter-Text (TMP),0,ぼく,
MainScene-GameObject-Canvas-初めての喧嘩.TXTFilePanel-SpeakerPalette-Woman-Text (TMP),0,彼女,
MainScene-GameObject-Canvas-初めての喧嘩.TXTFilePanel-TitleBar-TitleText,0,初めての喧嘩？.txt,
MainScene-GameObject-Canvas-初めて見かけた日.TXTFilePanel-ContentScrollView-Viewport-Content-DialogueArea-DialogLine,0,あのカフェ、雰囲気よかったよね,
MainScene-GameObject-Canvas-初めて見かけた日.TXTFilePanel-ContentScrollView-Viewport-Content-DialogueArea-DialogLine (1),0,そうだな、コーヒーも美味しかったし,
MainScene-GameObject-Canvas-初めて見かけた日.TXTFilePanel-ContentScrollView-Viewport-Content-DialogueArea-DialogLine (10),0,また行くのかよ,
MainScene-GameObject-Canvas-初めて見かけた日.TXTFilePanel-ContentScrollView-Viewport-Content-DialogueArea-DialogLine (2),0,あそこにいた女の子、すごく印象的だった,
MainScene-GameObject-Canvas-初めて見かけた日.TXTFilePanel-ContentScrollView-Viewport-Content-DialogueArea-DialogLine (3),0,どの子？,
MainScene-GameObject-Canvas-初めて見かけた日.TXTFilePanel-ContentScrollView-Viewport-Content-DialogueArea-DialogLine (4),0,窓際の席で本を読んでた子。,
MainScene-GameObject-Canvas-初めて見かけた日.TXTFilePanel-ContentScrollView-Viewport-Content-DialogueArea-DialogLine (5),0,『失われた時を求めて』を読んでたよ,
MainScene-GameObject-Canvas-初めて見かけた日.TXTFilePanel-ContentScrollView-Viewport-Content-DialogueArea-DialogLine (6),0,へぇ、そんなに気になったの？,
MainScene-GameObject-Canvas-初めて見かけた日.TXTFilePanel-ContentScrollView-Viewport-Content-DialogueArea-DialogLine (7),0,ぼくも好きな本なんだ...特別な感じする,
MainScene-GameObject-Canvas-初めて見かけた日.TXTFilePanel-ContentScrollView-Viewport-Content-DialogueArea-DialogLine (8),0,ふーん、そうなんだ,
MainScene-GameObject-Canvas-初めて見かけた日.TXTFilePanel-ContentScrollView-Viewport-Content-DialogueArea-DialogLine (9),0,また行ってみようかな,
MainScene-GameObject-Canvas-初めて見かけた日.TXTFilePanel-ContentScrollView-Viewport-Content-DropAreas-DropArea (1)-Text (TMP),0,ここにドロップ,
MainScene-GameObject-Canvas-初めて見かけた日.TXTFilePanel-ContentScrollView-Viewport-Content-DropAreas-DropArea (10)-Text (TMP),0,ここにドロップ,
MainScene-GameObject-Canvas-初めて見かけた日.TXTFilePanel-ContentScrollView-Viewport-Content-DropAreas-DropArea (2)-Text (TMP),0,ここにドロップ,
MainScene-GameObject-Canvas-初めて見かけた日.TXTFilePanel-ContentScrollView-Viewport-Content-DropAreas-DropArea (3)-Text (TMP),0,ここにドロップ,
MainScene-GameObject-Canvas-初めて見かけた日.TXTFilePanel-ContentScrollView-Viewport-Content-DropAreas-DropArea (4)-Text (TMP),0,ここにドロップ,
MainScene-GameObject-Canvas-初めて見かけた日.TXTFilePanel-ContentScrollView-Viewport-Content-DropAreas-DropArea (5)-Text (TMP),0,ここにドロップ,
MainScene-GameObject-Canvas-初めて見かけた日.TXTFilePanel-ContentScrollView-Viewport-Content-DropAreas-DropArea (6)-Text (TMP),0,ここにドロップ,
MainScene-GameObject-Canvas-初めて見かけた日.TXTFilePanel-ContentScrollView-Viewport-Content-DropAreas-DropArea (7)-Text (TMP),0,ここにドロップ,
MainScene-GameObject-Canvas-初めて見かけた日.TXTFilePanel-ContentScrollView-Viewport-Content-DropAreas-DropArea (8)-Text (TMP),0,ここにドロップ,
MainScene-GameObject-Canvas-初めて見かけた日.TXTFilePanel-ContentScrollView-Viewport-Content-DropAreas-DropArea (9)-Text (TMP),0,ここにドロップ,
MainScene-GameObject-Canvas-初めて見かけた日.TXTFilePanel-ContentScrollView-Viewport-Content-DropAreas-DropArea-Text (TMP),0,ここにドロップ,
MainScene-GameObject-Canvas-初めて見かけた日.TXTFilePanel-InstructionText,0,発言者　（ドラッグして上の空欄にドロップ）,
MainScene-GameObject-Canvas-初めて見かけた日.TXTFilePanel-ProgressPanel-Text (TMP),0,進捗度：  /11,
MainScene-GameObject-Canvas-初めて見かけた日.TXTFilePanel-SpeakerPalette-Friend-Text (TMP),0,友人,
MainScene-GameObject-Canvas-初めて見かけた日.TXTFilePanel-SpeakerPalette-MainCharacter-Text (TMP),0,ぼく,
MainScene-GameObject-Canvas-初めて見かけた日.TXTFilePanel-TitleBar-TitleText,0,初めて見かけた日.txt,
MainScene-GameObject-Canvas-親友からの忠告.TXTFilePanel-ContentScrollView-Viewport-Content-DialogueArea-DialogLine,0,最近どうしたんだよ、全然連絡取れないじゃないか,
MainScene-GameObject-Canvas-親友からの忠告.TXTFilePanel-ContentScrollView-Viewport-Content-DialogueArea-DialogLine (1),0,忙しかったんだ。彼女のことで,
MainScene-GameObject-Canvas-親友からの忠告.TXTFilePanel-ContentScrollView-Viewport-Content-DialogueArea-DialogLine (2),0,彼女って...またあの子か？,
MainScene-GameObject-Canvas-親友からの忠告.TXTFilePanel-ContentScrollView-Viewport-Content-DialogueArea-DialogLine (3),0,うん、もっと特別な関係になれそうなんだ,
MainScene-GameObject-Canvas-親友からの忠告.TXTFilePanel-ContentScrollView-Viewport-Content-DialogueArea-DialogLine (4),0,お前、まだ粘着してるのか,
MainScene-GameObject-Canvas-親友からの忠告.TXTFilePanel-ContentScrollView-Viewport-Content-DialogueArea-DialogLine (5),0,粘着なんかじゃない。愛だよ,
MainScene-GameObject-Canvas-親友からの忠告.TXTFilePanel-ContentScrollView-Viewport-Content-DialogueArea-DialogLine (6),0,これは恋愛じゃなくてストーキングだよ,
MainScene-GameObject-Canvas-親友からの忠告.TXTFilePanel-ContentScrollView-Viewport-Content-DialogueArea-DialogLine (7),0,彼女は僕のことを理解していないだけだ,
MainScene-GameObject-Canvas-親友からの忠告.TXTFilePanel-ContentScrollView-Viewport-Content-DialogueArea-DialogLine (8),0,警察沙汰になるぞ、マジで,
MainScene-GameObject-Canvas-親友からの忠告.TXTFilePanel-ContentScrollView-Viewport-Content-DialogueArea-DialogLine (9),0,なぜ？彼女は喜んでいるよ,
MainScene-GameObject-Canvas-親友からの忠告.TXTFilePanel-ContentScrollView-Viewport-Content-DropAreas-DropArea (1)-Text (TMP),0,ここにドロップ,
MainScene-GameObject-Canvas-親友からの忠告.TXTFilePanel-ContentScrollView-Viewport-Content-DropAreas-DropArea (2)-Text (TMP),0,ここにドロップ,
MainScene-GameObject-Canvas-親友からの忠告.TXTFilePanel-ContentScrollView-Viewport-Content-DropAreas-DropArea (3)-Text (TMP),0,ここにドロップ,
MainScene-GameObject-Canvas-親友からの忠告.TXTFilePanel-ContentScrollView-Viewport-Content-DropAreas-DropArea (4)-Text (TMP),0,ここにドロップ,
MainScene-GameObject-Canvas-親友からの忠告.TXTFilePanel-ContentScrollView-Viewport-Content-DropAreas-DropArea (5)-Text (TMP),0,ここにドロップ,
MainScene-GameObject-Canvas-親友からの忠告.TXTFilePanel-ContentScrollView-Viewport-Content-DropAreas-DropArea (6)-Text (TMP),0,ここにドロップ,
MainScene-GameObject-Canvas-親友からの忠告.TXTFilePanel-ContentScrollView-Viewport-Content-DropAreas-DropArea (7)-Text (TMP),0,ここにドロップ,
MainScene-GameObject-Canvas-親友からの忠告.TXTFilePanel-ContentScrollView-Viewport-Content-DropAreas-DropArea (8)-Text (TMP),0,ここにドロップ,
MainScene-GameObject-Canvas-親友からの忠告.TXTFilePanel-ContentScrollView-Viewport-Content-DropAreas-DropArea (9)-Text (TMP),0,ここにドロップ,
MainScene-GameObject-Canvas-親友からの忠告.TXTFilePanel-ContentScrollView-Viewport-Content-DropAreas-DropArea-Text (TMP),0,ここにドロップ,
MainScene-GameObject-Canvas-親友からの忠告.TXTFilePanel-InstructionText,0,発言者　（ドラッグして上の空欄にドロップ）,
MainScene-GameObject-Canvas-親友からの忠告.TXTFilePanel-ProgressPanel-Text (TMP),0,進捗度：  /10,
MainScene-GameObject-Canvas-親友からの忠告.TXTFilePanel-SpeakerPalette-Friend-Text (TMP),0,友人,
MainScene-GameObject-Canvas-親友からの忠告.TXTFilePanel-SpeakerPalette-MainCharacter-Text (TMP),0,ぼく,
MainScene-GameObject-Canvas-親友からの忠告.TXTFilePanel-TitleBar-TitleText,0,親友からの忠告.txt,
MainScene-GameObject-Canvas-診断書.PDFFilePanel-DocumentArea-Line1Text,0,"患者氏名：鈴木 啓太
年齢：28歳",
MainScene-GameObject-Canvas-診断書.PDFFilePanel-DocumentArea-Line2Text,0,"診断：　　　　　、急性ストレス反応あり",
MainScene-GameObject-Canvas-診断書.PDFFilePanel-DocumentArea-Line2Text (1),0,妄想性障害,
MainScene-GameObject-Canvas-診断書.PDFFilePanel-DocumentArea-Line3Text,0,"所見：
患者は交通事故による一時的な記憶障害から回復過程にありますが、特定の女性に対する強い執着と　　　　　　が認められます。自分と対象者との関係性を実際よりも親密なものと誤認識しており、その認識を修正することに強い抵抗を示しています。",
MainScene-GameObject-Canvas-診断書.PDFFilePanel-DocumentArea-Line3Text (1),0,現実との乖離,
MainScene-GameObject-Canvas-診断書.PDFFilePanel-DocumentArea-Line4Text,0,思考内容には強迫観念的な要素が見られ、対象者との「　　　　　」を証明しようとする行動パターンが顕著です。現状では自身の行動が相手に与える影響について洞察が不足しています。,
MainScene-GameObject-Canvas-診断書.PDFFilePanel-DocumentArea-Line4Text (1),0,特別な関係,
MainScene-GameObject-Canvas-診断書.PDFFilePanel-DocumentArea-Line5Text,0,"治療計画：
	・認知行動療法（週1回）
	・必要に応じた薬物療法の検討
	・現実検討能力の向上を目指した介入",
MainScene-GameObject-Canvas-診断書.PDFFilePanel-TitleBar-TitleText,0,診断書.pdf,
MainScene-GameObject-Canvas-窓越しの彼女.PNGFilePanel-TitleBar-TitleText,0,窓越しの彼女.png,
MainScene-GameObject-Canvas-通勤路.PNGFilePanel-TitleBar-TitleText,0,通勤路.png,
MainScene-GameObject-Canvas-特別な場所.PNGFilePanel-TitleBar-TitleText,0,特別な場所.png,
MainScene-GameObject-Canvas-彼女との文通.TXTFilePanel-ContentScrollView-Viewport-Content-DialogueArea-DialogLine,0,今日はプルーストの話ができて楽しかった。,
MainScene-GameObject-Canvas-彼女との文通.TXTFilePanel-ContentScrollView-Viewport-Content-DialogueArea-DialogLine (1),0,こちらこそ、楽しい時間をありがとう,
MainScene-GameObject-Canvas-彼女との文通.TXTFilePanel-ContentScrollView-Viewport-Content-DialogueArea-DialogLine (10),0,そっか、ぼくのSNSアカウントまだ知らないよね,
MainScene-GameObject-Canvas-彼女との文通.TXTFilePanel-ContentScrollView-Viewport-Content-DialogueArea-DialogLine (11),0,このアカウントに、予定が決まったら連絡して,
MainScene-GameObject-Canvas-彼女との文通.TXTFilePanel-ContentScrollView-Viewport-Content-DialogueArea-DialogLine (12),0,・・・うん、わかった,
MainScene-GameObject-Canvas-彼女との文通.TXTFilePanel-ContentScrollView-Viewport-Content-DialogueArea-DialogLine (2),0,また機会があればお話したいです,
MainScene-GameObject-Canvas-彼女との文通.TXTFilePanel-ContentScrollView-Viewport-Content-DialogueArea-DialogLine (3),0,ぜひ。プルーストについてもっと話したいです,
MainScene-GameObject-Canvas-彼女との文通.TXTFilePanel-ContentScrollView-Viewport-Content-DialogueArea-DialogLine (4),0,明日、もしよければカフェでお茶しませんか？,
MainScene-GameObject-Canvas-彼女との文通.TXTFilePanel-ContentScrollView-Viewport-Content-DialogueArea-DialogLine (5),0,ごめんなさい、明日は予定があるんです,
MainScene-GameObject-Canvas-彼女との文通.TXTFilePanel-ContentScrollView-Viewport-Content-DialogueArea-DialogLine (6),0,じゃあ明後日はどうですか？,
MainScene-GameObject-Canvas-彼女との文通.TXTFilePanel-ContentScrollView-Viewport-Content-DialogueArea-DialogLine (7),0,う～ん、ちょっと考えておきます,
MainScene-GameObject-Canvas-彼女との文通.TXTFilePanel-ContentScrollView-Viewport-Content-DialogueArea-DialogLine (8),0,お返事待ってますね。,
MainScene-GameObject-Canvas-彼女との文通.TXTFilePanel-ContentScrollView-Viewport-Content-DialogueArea-DialogLine (9),0,返事？,
MainScene-GameObject-Canvas-彼女との文通.TXTFilePanel-ContentScrollView-Viewport-Content-DropAreas-DropArea (1)-Text (TMP),0,ここにドロップ,
MainScene-GameObject-Canvas-彼女との文通.TXTFilePanel-ContentScrollView-Viewport-Content-DropAreas-DropArea (10)-Text (TMP),0,ここにドロップ,
MainScene-GameObject-Canvas-彼女との文通.TXTFilePanel-ContentScrollView-Viewport-Content-DropAreas-DropArea (11)-Text (TMP),0,ここにドロップ,
MainScene-GameObject-Canvas-彼女との文通.TXTFilePanel-ContentScrollView-Viewport-Content-DropAreas-DropArea (12)-Text (TMP),0,ここにドロップ,
MainScene-GameObject-Canvas-彼女との文通.TXTFilePanel-ContentScrollView-Viewport-Content-DropAreas-DropArea (2)-Text (TMP),0,ここにドロップ,
MainScene-GameObject-Canvas-彼女との文通.TXTFilePanel-ContentScrollView-Viewport-Content-DropAreas-DropArea (3)-Text (TMP),0,ここにドロップ,
MainScene-GameObject-Canvas-彼女との文通.TXTFilePanel-ContentScrollView-Viewport-Content-DropAreas-DropArea (4)-Text (TMP),0,ここにドロップ,
MainScene-GameObject-Canvas-彼女との文通.TXTFilePanel-ContentScrollView-Viewport-Content-DropAreas-DropArea (5)-Text (TMP),0,ここにドロップ,
MainScene-GameObject-Canvas-彼女との文通.TXTFilePanel-ContentScrollView-Viewport-Content-DropAreas-DropArea (6)-Text (TMP),0,ここにドロップ,
MainScene-GameObject-Canvas-彼女との文通.TXTFilePanel-ContentScrollView-Viewport-Content-DropAreas-DropArea (7)-Text (TMP),0,ここにドロップ,
MainScene-GameObject-Canvas-彼女との文通.TXTFilePanel-ContentScrollView-Viewport-Content-DropAreas-DropArea (8)-Text (TMP),0,ここにドロップ,
MainScene-GameObject-Canvas-彼女との文通.TXTFilePanel-ContentScrollView-Viewport-Content-DropAreas-DropArea (9)-Text (TMP),0,ここにドロップ,
MainScene-GameObject-Canvas-彼女との文通.TXTFilePanel-ContentScrollView-Viewport-Content-DropAreas-DropArea-Text (TMP),0,ここにドロップ,
MainScene-GameObject-Canvas-彼女との文通.TXTFilePanel-InstructionText,0,発言者　（ドラッグして上の空欄にドロップ）,
MainScene-GameObject-Canvas-彼女との文通.TXTFilePanel-ProgressPanel-Text (TMP),0,進捗度：  /13,
MainScene-GameObject-Canvas-彼女との文通.TXTFilePanel-SpeakerPalette-MainCharacter-Text (TMP),0,ぼく,
MainScene-GameObject-Canvas-彼女との文通.TXTFilePanel-SpeakerPalette-Woman-Text (TMP),0,彼女,
MainScene-GameObject-Canvas-彼女との文通.TXTFilePanel-TitleBar-TitleText,0,帰り際.txt,
MainScene-GameObject-Canvas-彼女のこと.TXTFilePanel-ContentScrollView-Viewport-Content-DialogueArea-DialogLine,0,調べたよ、彼女のこと,
MainScene-GameObject-Canvas-彼女のこと.TXTFilePanel-ContentScrollView-Viewport-Content-DialogueArea-DialogLine (1),0,どうやって？,
MainScene-GameObject-Canvas-彼女のこと.TXTFilePanel-ContentScrollView-Viewport-Content-DialogueArea-DialogLine (10),0,やばっ（笑）,
MainScene-GameObject-Canvas-彼女のこと.TXTFilePanel-ContentScrollView-Viewport-Content-DialogueArea-DialogLine (11),0,何がヤバいの？,
MainScene-GameObject-Canvas-彼女のこと.TXTFilePanel-ContentScrollView-Viewport-Content-DialogueArea-DialogLine (12),0,好きになったら知りたくなるのは当然でしょ,
MainScene-GameObject-Canvas-彼女のこと.TXTFilePanel-ContentScrollView-Viewport-Content-DialogueArea-DialogLine (13),0,いや・・・う、うん。そうだな・・・,
MainScene-GameObject-Canvas-彼女のこと.TXTFilePanel-ContentScrollView-Viewport-Content-DialogueArea-DialogLine (2),0,えっ、片っ端しから調べて,
MainScene-GameObject-Canvas-彼女のこと.TXTFilePanel-ContentScrollView-Viewport-Content-DialogueArea-DialogLine (3),0,ＳＮＳアカウントを見つけたよ,
MainScene-GameObject-Canvas-彼女のこと.TXTFilePanel-ContentScrollView-Viewport-Content-DialogueArea-DialogLine (4),0,すごい執念だなぁ,
MainScene-GameObject-Canvas-彼女のこと.TXTFilePanel-ContentScrollView-Viewport-Content-DialogueArea-DialogLine (5),0,普通だよ,
MainScene-GameObject-Canvas-彼女のこと.TXTFilePanel-ContentScrollView-Viewport-Content-DialogueArea-DialogLine (6),0,文学部で、フランス文学が好きなんだって,
MainScene-GameObject-Canvas-彼女のこと.TXTFilePanel-ContentScrollView-Viewport-Content-DialogueArea-DialogLine (7),0,どこまで調べたんだよ...,
MainScene-GameObject-Canvas-彼女のこと.TXTFilePanel-ContentScrollView-Viewport-Content-DialogueArea-DialogLine (8),0,友達の投稿にタグ付けされてたから、,
MainScene-GameObject-Canvas-彼女のこと.TXTFilePanel-ContentScrollView-Viewport-Content-DialogueArea-DialogLine (9),0,住んでる場所も大体分かった,
MainScene-GameObject-Canvas-彼女のこと.TXTFilePanel-ContentScrollView-Viewport-Content-DropAreas-DropArea (1)-Text (TMP),0,ここにドロップ,
MainScene-GameObject-Canvas-彼女のこと.TXTFilePanel-ContentScrollView-Viewport-Content-DropAreas-DropArea (10)-Text (TMP),0,ここにドロップ,
MainScene-GameObject-Canvas-彼女のこと.TXTFilePanel-ContentScrollView-Viewport-Content-DropAreas-DropArea (11)-Text (TMP),0,ここにドロップ,
MainScene-GameObject-Canvas-彼女のこと.TXTFilePanel-ContentScrollView-Viewport-Content-DropAreas-DropArea (12)-Text (TMP),0,ここにドロップ,
MainScene-GameObject-Canvas-彼女のこと.TXTFilePanel-ContentScrollView-Viewport-Content-DropAreas-DropArea (13)-Text (TMP),0,ここにドロップ,
MainScene-GameObject-Canvas-彼女のこと.TXTFilePanel-ContentScrollView-Viewport-Content-DropAreas-DropArea (2)-Text (TMP),0,ここにドロップ,
MainScene-GameObject-Canvas-彼女のこと.TXTFilePanel-ContentScrollView-Viewport-Content-DropAreas-DropArea (3)-Text (TMP),0,ここにドロップ,
MainScene-GameObject-Canvas-彼女のこと.TXTFilePanel-ContentScrollView-Viewport-Content-DropAreas-DropArea (4)-Text (TMP),0,ここにドロップ,
MainScene-GameObject-Canvas-彼女のこと.TXTFilePanel-ContentScrollView-Viewport-Content-DropAreas-DropArea (5)-Text (TMP),0,ここにドロップ,
MainScene-GameObject-Canvas-彼女のこと.TXTFilePanel-ContentScrollView-Viewport-Content-DropAreas-DropArea (6)-Text (TMP),0,ここにドロップ,
MainScene-GameObject-Canvas-彼女のこと.TXTFilePanel-ContentScrollView-Viewport-Content-DropAreas-DropArea (7)-Text (TMP),0,ここにドロップ,
MainScene-GameObject-Canvas-彼女のこと.TXTFilePanel-ContentScrollView-Viewport-Content-DropAreas-DropArea (8)-Text (TMP),0,ここにドロップ,
MainScene-GameObject-Canvas-彼女のこと.TXTFilePanel-ContentScrollView-Viewport-Content-DropAreas-DropArea (9)-Text (TMP),0,ここにドロップ,
MainScene-GameObject-Canvas-彼女のこと.TXTFilePanel-ContentScrollView-Viewport-Content-DropAreas-DropArea-Text (TMP),0,ここにドロップ,
MainScene-GameObject-Canvas-彼女のこと.TXTFilePanel-InstructionText,0,発言者　（ドラッグして上の空欄にドロップ）,
MainScene-GameObject-Canvas-彼女のこと.TXTFilePanel-ProgressPanel-Text (TMP),0,進捗度：  /14,
MainScene-GameObject-Canvas-彼女のこと.TXTFilePanel-SpeakerPalette-Friend-Text (TMP),0,友人,
MainScene-GameObject-Canvas-彼女のこと.TXTFilePanel-SpeakerPalette-MainCharacter-Text (TMP),0,ぼく,
MainScene-GameObject-Canvas-彼女のこと.TXTFilePanel-TitleBar-TitleText,0,彼女のこと.txt,
MainScene-GameObject-Canvas-被害者の手記.PDFFilePanel-DocumentArea-Line1Text,0,もう一ヶ月以上眠れない日が続いている。あの人のことを考えると、体が震えてしまう。最初は文学の話で盛り上がった親切な人だと思ったのに。どうしてこうなってしまったのだろう。,
MainScene-GameObject-Canvas-被害者の手記.PDFFilePanel-DocumentArea-Line2Text,0,"窓の外を見るたびに、彼がいるような気がする。本当に　　でしかない。連絡先を教えたことを後悔している。初めの私の返信が彼を勇気づけてしまったのかもしれない。今となっては取り返しがつかない。
",
MainScene-GameObject-Canvas-被害者の手記.PDFFilePanel-DocumentArea-Line2Text (1),0,恐怖,
MainScene-GameObject-Canvas-被害者の手記.PDFFilePanel-DocumentArea-Line3Text,0,昨日も玄関先にプレゼントが置かれていた。断っているのに、なぜ理解してくれないのだろう。もう何日も　　　　　夜、物音がすると飛び起きてしまう。友人の家に泊めてもらおうかとも考えたけれど、彼に友人のことまで知られたくない。,
MainScene-GameObject-Canvas-被害者の手記.PDFFilePanel-DocumentArea-Line3Text (1),0,眠れない。,
MainScene-GameObject-Canvas-被害者の手記.PDFFilePanel-DocumentArea-Line4Text,0,時々カーテンの隙間から外を見ると、いつも同じ場所に彼がいる。常に　　　　　　　感覚が消えない。警察にも相談したけれど、具体的な脅迫がないと動けないと言われた。このまま私は、ずっと怯えて生きていくしかないのだろうか。,
MainScene-GameObject-Canvas-被害者の手記.PDFFilePanel-DocumentArea-Line4Text (1),0,監視されている,
MainScene-GameObject-Canvas-被害者の手記.PDFFilePanel-DocumentArea-Line5Text,0,できることなら、彼の記憶から私のことが消えてほしい。そうすれば、私も普通の日常に戻れるのに。,
MainScene-GameObject-Canvas-被害者の手記.PDFFilePanel-TitleBar-TitleText,0,被害者の手記.pdf,
MainScene-GameObject-Canvas-父親からの手紙.PDFFilePanel-DocumentArea-Line1Text,0,鈴木 啓太さんへ,
MainScene-GameObject-Canvas-父親からの手紙.PDFFilePanel-DocumentArea-Line2Text,0,あなたは女性対して、数ヶ月に渡って執拗な接触を続けてきました。SNSを調べ、行動を監視し、自宅まで押しかけるなど、あなたの行動は明らかに彼女を　　　　　　　のです。,
MainScene-GameObject-Canvas-父親からの手紙.PDFFilePanel-DocumentArea-Line2Text (1),0,娘を追い詰めた,
MainScene-GameObject-Canvas-父親からの手紙.PDFFilePanel-DocumentArea-Line3Text,0,事故でいっさいの記憶を失ったとしても、あなたがした行為の責任は消えません。だからこそ、あなたには全てを　　　　　　必要があると考えました。この記憶の断片を見て、自分が何をしたのかを理解してください。,
MainScene-GameObject-Canvas-父親からの手紙.PDFFilePanel-DocumentArea-Line3Text (1),0,思い出させる,
MainScene-GameObject-Canvas-父親からの手紙.PDFFilePanel-DocumentArea-Line4Text,0,あなたが抱えている問題には専門的な治療が必要です。そして何より必要なのは、自分の行動への　　です。記憶を取り戻し、自分の行為と向き合うことが、あなた自身の回復への第一歩になるはずです。,
MainScene-GameObject-Canvas-父親からの手紙.PDFFilePanel-DocumentArea-Line4Text (1),0,反省,
MainScene-GameObject-Canvas-父親からの手紙.PDFFilePanel-DocumentArea-Line5Text,0,"　　　　　　　　　　　　　　　　　と言っています。
その願いを尊重してください。",
MainScene-GameObject-Canvas-父親からの手紙.PDFFilePanel-DocumentArea-Line5Text (1),0,娘はもう二度とあなたに会いたくない,
MainScene-GameObject-Canvas-父親からの手紙.PDFFilePanel-TitleBar-TitleText,0,父親からの手紙.pdf,
MainScene-GameObject-Canvas-別れ話.TXTFilePanel-ContentScrollView-Viewport-Content-DialogueArea-DialogLine,0,もう関わりたくない,
MainScene-GameObject-Canvas-別れ話.TXTFilePanel-ContentScrollView-Viewport-Content-DialogueArea-DialogLine (1),0,そう...,
MainScene-GameObject-Canvas-別れ話.TXTFilePanel-ContentScrollView-Viewport-Content-DialogueArea-DialogLine (10),0,...なぜ？,
MainScene-GameObject-Canvas-別れ話.TXTFilePanel-ContentScrollView-Viewport-Content-DialogueArea-DialogLine (2),0,警察に相談したからな、彼女の件で,
MainScene-GameObject-Canvas-別れ話.TXTFilePanel-ContentScrollView-Viewport-Content-DialogueArea-DialogLine (3),0,なんで、ぼく達の邪魔をするんだ？,
MainScene-GameObject-Canvas-別れ話.TXTFilePanel-ContentScrollView-Viewport-Content-DialogueArea-DialogLine (4),0,お前を止めるためだ,
MainScene-GameObject-Canvas-別れ話.TXTFilePanel-ContentScrollView-Viewport-Content-DialogueArea-DialogLine (5),0,もしかして、君も彼女のことが好きなのか？,
MainScene-GameObject-Canvas-別れ話.TXTFilePanel-ContentScrollView-Viewport-Content-DialogueArea-DialogLine (6),0,違う！そうじゃない,
MainScene-GameObject-Canvas-別れ話.TXTFilePanel-ContentScrollView-Viewport-Content-DialogueArea-DialogLine (7),0,友達だから、止めようとしてる,
MainScene-GameObject-Canvas-別れ話.TXTFilePanel-ContentScrollView-Viewport-Content-DialogueArea-DialogLine (8),0,...,
MainScene-GameObject-Canvas-別れ話.TXTFilePanel-ContentScrollView-Viewport-Content-DialogueArea-DialogLine (9),0,自分を見つめ直せ,
MainScene-GameObject-Canvas-別れ話.TXTFilePanel-ContentScrollView-Viewport-Content-DropAreas-DropArea (1)-Text (TMP),0,ここにドロップ,
MainScene-GameObject-Canvas-別れ話.TXTFilePanel-ContentScrollView-Viewport-Content-DropAreas-DropArea (10)-Text (TMP),0,ここにドロップ,
MainScene-GameObject-Canvas-別れ話.TXTFilePanel-ContentScrollView-Viewport-Content-DropAreas-DropArea (2)-Text (TMP),0,ここにドロップ,
MainScene-GameObject-Canvas-別れ話.TXTFilePanel-ContentScrollView-Viewport-Content-DropAreas-DropArea (3)-Text (TMP),0,ここにドロップ,
MainScene-GameObject-Canvas-別れ話.TXTFilePanel-ContentScrollView-Viewport-Content-DropAreas-DropArea (4)-Text (TMP),0,ここにドロップ,
MainScene-GameObject-Canvas-別れ話.TXTFilePanel-ContentScrollView-Viewport-Content-DropAreas-DropArea (5)-Text (TMP),0,ここにドロップ,
MainScene-GameObject-Canvas-別れ話.TXTFilePanel-ContentScrollView-Viewport-Content-DropAreas-DropArea (6)-Text (TMP),0,ここにドロップ,
MainScene-GameObject-Canvas-別れ話.TXTFilePanel-ContentScrollView-Viewport-Content-DropAreas-DropArea (7)-Text (TMP),0,ここにドロップ,
MainScene-GameObject-Canvas-別れ話.TXTFilePanel-ContentScrollView-Viewport-Content-DropAreas-DropArea (8)-Text (TMP),0,ここにドロップ,
MainScene-GameObject-Canvas-別れ話.TXTFilePanel-ContentScrollView-Viewport-Content-DropAreas-DropArea (9)-Text (TMP),0,ここにドロップ,
MainScene-GameObject-Canvas-別れ話.TXTFilePanel-ContentScrollView-Viewport-Content-DropAreas-DropArea-Text (TMP),0,ここにドロップ,
MainScene-GameObject-Canvas-別れ話.TXTFilePanel-InstructionText,0,発言者　（ドラッグして上の空欄にドロップ）,
MainScene-GameObject-Canvas-別れ話.TXTFilePanel-ProgressPanel-Text (TMP),0,進捗度：  /11,
MainScene-GameObject-Canvas-別れ話.TXTFilePanel-SpeakerPalette-Friend-Text (TMP),0,友人,
MainScene-GameObject-Canvas-別れ話.TXTFilePanel-SpeakerPalette-MainCharacter-Text (TMP),0,ぼく,
MainScene-GameObject-Canvas-別れ話.TXTFilePanel-TitleBar-TitleText,0,別れ話.txt,
MainScene-GameObject-Canvas-友人FilePanel-友人ファイル-警察署前.png-Text (TMP),0,警察署前.png,
MainScene-GameObject-Canvas-友人FilePanel-友人ファイル-喧嘩.png-Text (TMP),0,喧嘩.png,
MainScene-GameObject-Canvas-友人FilePanel-友人ファイル-最後の警告.txt-Text (TMP),0,最後の警告.txt,
MainScene-GameObject-Canvas-友人FilePanel-友人ファイル-親友からの忠告.txt-Text (TMP),0,親友からの忠告.txt,
MainScene-GameObject-Canvas-友人FilePanel-友人ファイル-別れ話.txt-Text (TMP),0,別れ話.txt,
MainScene-GameObject-Canvas-恋人FilePanel-恋人ファイル-プレゼント.txt-Text (TMP),0,プレゼント.txt,
MainScene-GameObject-Canvas-恋人FilePanel-恋人ファイル-初めての喧嘩？.txt-Text (TMP),0,初めての喧嘩？.txt,
MainScene-GameObject-Canvas-恋人FilePanel-恋人ファイル-窓越しの彼女.png-Text (TMP),0,窓越しの彼女.png,
MainScene-GameObject-Canvas-恋人FilePanel-恋人ファイル-特別な場所.png-Text (TMP),0,特別な場所.png,
MainScene-GameObject-Canvas-恋人FilePanel-恋人ファイル-彼女との文通.txt-Text (TMP),0,帰り際.txt,
"MonologueScene-Canvas-CommonSettingsPanel-SettingsContainer-BackButton-Text (TMP) ""戻る""",0,戻る,
"MonologueScene-Canvas-CommonSettingsPanel-SettingsContainer-BGMVolumeControl-LabelText ""BGM音量""",0,BＧＭ,
"MonologueScene-Canvas-CommonSettingsPanel-SettingsContainer-SaveAndQuitButton-Text (TMP) ""保存して終了""",0,セーブしてから終了,
"MonologueScene-Canvas-CommonSettingsPanel-SettingsContainer-SEVolumeControl-LabelText ""SE音量""",0,ＳＥ,
MonologueScene-Canvas-DialogueArea-DialogueText,0,New Text,
"OpeningScene-Canvas-CommonSettingsPanel-SettingsContainer-BackButton-Text (TMP) ""戻る""",0,戻る,
"OpeningScene-Canvas-CommonSettingsPanel-SettingsContainer-BGMVolumeControl-LabelText ""BGM音量""",0,BＧＭ,
"OpeningScene-Canvas-CommonSettingsPanel-SettingsContainer-SaveAndQuitButton-Text (TMP) ""保存して終了""",0,セーブしてから終了,
"OpeningScene-Canvas-CommonSettingsPanel-SettingsContainer-SEVolumeControl-LabelText ""SE音量""",0,ＳＥ,
OrganizeMainScene-GameObject-Canvas-FolderPanel -FolderButton_1 (思い出)-Text (TMP),0,思い出,
OrganizeMainScene-GameObject-Canvas-FolderPanel -FolderButton_2 (恋人)-Text (TMP),0,恋人,
OrganizeMainScene-GameObject-Canvas-FolderPanel -FolderButton_3 (友人)-Text (TMP),0,友人,
OrganizeMainScene-GameObject-Canvas-FolderPanel -FolderButton_4 (記録)-Text (TMP),0,記録,
OrganizeMainScene-GameObject-Canvas-FolderPanel -FolderButton_5 (願い)-Text (TMP),0,願い,
OrganizeMainScene-GameObject-Canvas-SettingsPanel-SettingsContainer-BackButton-Text (TMP),0,戻る,
OrganizeMainScene-GameObject-Canvas-SettingsPanel-SettingsContainer-BGMVolumeControl-LabelText,0,BＧＭ,
OrganizeMainScene-GameObject-Canvas-SettingsPanel-SettingsContainer-SaveAndQuitButton-Text (TMP),0,セーブしてから終了,
OrganizeMainScene-GameObject-Canvas-SettingsPanel-SettingsContainer-SEVolumeControl-LabelText,0,ＳＥ,
OrganizeMainScene-GameObject-Canvas-カフェの彼女.PNGFilePanel-TitleBar-TitleText,0,カフェの彼女.png,
OrganizeMainScene-GameObject-Canvas-プレゼント.TXTFilePanel-ContentScrollView-Viewport-Content-DialogueArea-DialogLine,0,ちょうどいい場所だ...,
OrganizeMainScene-GameObject-Canvas-プレゼント.TXTFilePanel-ContentScrollView-Viewport-Content-DialogueArea-DialogLine (1),0,何をされているんですか？,
OrganizeMainScene-GameObject-Canvas-プレゼント.TXTFilePanel-ContentScrollView-Viewport-Content-DialogueArea-DialogLine (2),0,彼女へのサプライズです,
OrganizeMainScene-GameObject-Canvas-プレゼント.TXTFilePanel-ContentScrollView-Viewport-Content-DialogueArea-DialogLine (3),0,ここに住んでる方のお知り合いですか？,
OrganizeMainScene-GameObject-Canvas-プレゼント.TXTFilePanel-ContentScrollView-Viewport-Content-DialogueArea-DialogLine (4),0,はい、まだ彼女には内緒なんです,
OrganizeMainScene-GameObject-Canvas-プレゼント.TXTFilePanel-ContentScrollView-Viewport-Content-DialogueArea-DialogLine (5),0,...,
OrganizeMainScene-GameObject-Canvas-プレゼント.TXTFilePanel-ContentScrollView-Viewport-Content-DialogueArea-DialogLine (6),0,一生懸命描いた絵なんです。,
OrganizeMainScene-GameObject-Canvas-プレゼント.TXTFilePanel-ContentScrollView-Viewport-Content-DialogueArea-DialogLine (6.1),0,きっと喜んでもらえるはずです。,
OrganizeMainScene-GameObject-Canvas-プレゼント.TXTFilePanel-ContentScrollView-Viewport-Content-DialogueArea-DialogLine (7),0,そうですか...,
OrganizeMainScene-GameObject-Canvas-プレゼント.TXTFilePanel-ContentScrollView-Viewport-Content-DropAreas-DropArea (1)-Text (TMP),0,大家：,
OrganizeMainScene-GameObject-Canvas-プレゼント.TXTFilePanel-ContentScrollView-Viewport-Content-DropAreas-DropArea (2)-Text (TMP),0,ぼく：,
OrganizeMainScene-GameObject-Canvas-プレゼント.TXTFilePanel-ContentScrollView-Viewport-Content-DropAreas-DropArea (3)-Text (TMP),0,大家：,
OrganizeMainScene-GameObject-Canvas-プレゼント.TXTFilePanel-ContentScrollView-Viewport-Content-DropAreas-DropArea (4)-Text (TMP),0,ぼく：,
OrganizeMainScene-GameObject-Canvas-プレゼント.TXTFilePanel-ContentScrollView-Viewport-Content-DropAreas-DropArea (5)-Text (TMP),0,大家：,
OrganizeMainScene-GameObject-Canvas-プレゼント.TXTFilePanel-ContentScrollView-Viewport-Content-DropAreas-DropArea (6)-Text (TMP),0,ぼく：,
OrganizeMainScene-GameObject-Canvas-プレゼント.TXTFilePanel-ContentScrollView-Viewport-Content-DropAreas-DropArea (6.1)-Text (TMP),0,ぼく：,
OrganizeMainScene-GameObject-Canvas-プレゼント.TXTFilePanel-ContentScrollView-Viewport-Content-DropAreas-DropArea (7)-Text (TMP),0,大家：,
OrganizeMainScene-GameObject-Canvas-プレゼント.TXTFilePanel-ContentScrollView-Viewport-Content-DropAreas-DropArea-Text (TMP),0,ぼく：,
OrganizeMainScene-GameObject-Canvas-プレゼント.TXTFilePanel-TitleBar-TitleText,0,プレゼント.txt,
OrganizeMainScene-GameObject-Canvas-願いFilePanel-願いファイル-被害者の手記.pdf-Text (TMP),0,被害者の手記.pdf,
OrganizeMainScene-GameObject-Canvas-願いFilePanel-願いファイル-父親からの手紙.pdf-Text (TMP),0,父親からの手紙.pdf,
OrganizeMainScene-GameObject-Canvas-記録FilePanel-記録ファイル-警察記録.pdf-Text (TMP),0,警察記録.pdf,
OrganizeMainScene-GameObject-Canvas-記録FilePanel-記録ファイル-事故報告書.pdf-Text (TMP),0,事故報告書.pdf,
OrganizeMainScene-GameObject-Canvas-記録FilePanel-記録ファイル-診断書.pdf-Text (TMP),0,診断書.pdf,
OrganizeMainScene-GameObject-Canvas-偶然の再会.TXTFilePanel-ContentScrollView-Viewport-Content-DialogueArea-DialogLine,0,あ、こんにちは。偶然ですね,
OrganizeMainScene-GameObject-Canvas-偶然の再会.TXTFilePanel-ContentScrollView-Viewport-Content-DialogueArea-DialogLine (1),0,こんにちは・・・,
OrganizeMainScene-GameObject-Canvas-偶然の再会.TXTFilePanel-ContentScrollView-Viewport-Content-DialogueArea-DialogLine (10),0,いいですね！,
OrganizeMainScene-GameObject-Canvas-偶然の再会.TXTFilePanel-ContentScrollView-Viewport-Content-DialogueArea-DialogLine (11),0,フランス文学好きな人、あまり周りにいなくて,
OrganizeMainScene-GameObject-Canvas-偶然の再会.TXTFilePanel-ContentScrollView-Viewport-Content-DialogueArea-DialogLine (12),0,これ、僕の連絡先です。,
OrganizeMainScene-GameObject-Canvas-偶然の再会.TXTFilePanel-ContentScrollView-Viewport-Content-DialogueArea-DialogLine (13),0,よかったらメッセージください！,
OrganizeMainScene-GameObject-Canvas-偶然の再会.TXTFilePanel-ContentScrollView-Viewport-Content-DialogueArea-DialogLine (14),0,ありがとうございます。私も連絡先教えますね,
OrganizeMainScene-GameObject-Canvas-偶然の再会.TXTFilePanel-ContentScrollView-Viewport-Content-DialogueArea-DialogLine (2),0,あ、前にもカフェに来てましたね,
OrganizeMainScene-GameObject-Canvas-偶然の再会.TXTFilePanel-ContentScrollView-Viewport-Content-DialogueArea-DialogLine (3),0,僕も常連で、よく見かけるので,
OrganizeMainScene-GameObject-Canvas-偶然の再会.TXTFilePanel-ContentScrollView-Viewport-Content-DialogueArea-DialogLine (4),0,私も週に2回くらい来るんです。,
OrganizeMainScene-GameObject-Canvas-偶然の再会.TXTFilePanel-ContentScrollView-Viewport-Content-DialogueArea-DialogLine (5),0,静かで本が読みやすくて,
OrganizeMainScene-GameObject-Canvas-偶然の再会.TXTFilePanel-ContentScrollView-Viewport-Content-DialogueArea-DialogLine (6),0,その本、プルーストですよね。,
OrganizeMainScene-GameObject-Canvas-偶然の再会.TXTFilePanel-ContentScrollView-Viewport-Content-DialogueArea-DialogLine (7),0,僕も読んだことあります,
OrganizeMainScene-GameObject-Canvas-偶然の再会.TXTFilePanel-ContentScrollView-Viewport-Content-DialogueArea-DialogLine (8),0,えっ、本当ですか！？珍しい,
OrganizeMainScene-GameObject-Canvas-偶然の再会.TXTFilePanel-ContentScrollView-Viewport-Content-DialogueArea-DialogLine (9),0,あの、もしよければ文学の話でも...,
OrganizeMainScene-GameObject-Canvas-偶然の再会.TXTFilePanel-ContentScrollView-Viewport-Content-DropAreas-DropArea (1)-Text (TMP),0,彼女：,
OrganizeMainScene-GameObject-Canvas-偶然の再会.TXTFilePanel-ContentScrollView-Viewport-Content-DropAreas-DropArea (10)-Text (TMP),0,彼女：,
OrganizeMainScene-GameObject-Canvas-偶然の再会.TXTFilePanel-ContentScrollView-Viewport-Content-DropAreas-DropArea (11)-Text (TMP),0,彼女：,
OrganizeMainScene-GameObject-Canvas-偶然の再会.TXTFilePanel-ContentScrollView-Viewport-Content-DropAreas-DropArea (12)-Text (TMP),0,ぼく：,
OrganizeMainScene-GameObject-Canvas-偶然の再会.TXTFilePanel-ContentScrollView-Viewport-Content-DropAreas-DropArea (13)-Text (TMP),0,ぼく：,
OrganizeMainScene-GameObject-Canvas-偶然の再会.TXTFilePanel-ContentScrollView-Viewport-Content-DropAreas-DropArea (14)-Text (TMP),0,彼女：,
OrganizeMainScene-GameObject-Canvas-偶然の再会.TXTFilePanel-ContentScrollView-Viewport-Content-DropAreas-DropArea (2)-Text (TMP),0,彼女：,
OrganizeMainScene-GameObject-Canvas-偶然の再会.TXTFilePanel-ContentScrollView-Viewport-Content-DropAreas-DropArea (3)-Text (TMP),0,ぼく：,
OrganizeMainScene-GameObject-Canvas-偶然の再会.TXTFilePanel-ContentScrollView-Viewport-Content-DropAreas-DropArea (4)-Text (TMP),0,彼女：,
OrganizeMainScene-GameObject-Canvas-偶然の再会.TXTFilePanel-ContentScrollView-Viewport-Content-DropAreas-DropArea (5)-Text (TMP),0,彼女：,
OrganizeMainScene-GameObject-Canvas-偶然の再会.TXTFilePanel-ContentScrollView-Viewport-Content-DropAreas-DropArea (6)-Text (TMP),0,ぼく：,
OrganizeMainScene-GameObject-Canvas-偶然の再会.TXTFilePanel-ContentScrollView-Viewport-Content-DropAreas-DropArea (7)-Text (TMP),0,ぼく：,
OrganizeMainScene-GameObject-Canvas-偶然の再会.TXTFilePanel-ContentScrollView-Viewport-Content-DropAreas-DropArea (8)-Text (TMP),0,彼女：,
OrganizeMainScene-GameObject-Canvas-偶然の再会.TXTFilePanel-ContentScrollView-Viewport-Content-DropAreas-DropArea (9)-Text (TMP),0,ぼく：,
OrganizeMainScene-GameObject-Canvas-偶然の再会.TXTFilePanel-ContentScrollView-Viewport-Content-DropAreas-DropArea-Text (TMP),0,ぼく：,
OrganizeMainScene-GameObject-Canvas-偶然の再会.TXTFilePanel-TitleBar-TitleText,0,偶然の再会.txt,
OrganizeMainScene-GameObject-Canvas-警察記録.PDFFilePanel-DocumentArea-DateText,0,届出日：2023年6月12日,
OrganizeMainScene-GameObject-Canvas-警察記録.PDFFilePanel-DocumentArea-Line1Text,0,"被害者：佐藤 美咲（22歳）
被害内容：ストーカー行為",
OrganizeMainScene-GameObject-Canvas-警察記録.PDFFilePanel-DocumentArea-Line1Text (1),0,被害者の証言：,
OrganizeMainScene-GameObject-Canvas-警察記録.PDFFilePanel-DocumentArea-Line1Text (2),0,尾行,
OrganizeMainScene-GameObject-Canvas-警察記録.PDFFilePanel-DocumentArea-Line1Text (3),0,脅迫,
OrganizeMainScene-GameObject-Canvas-警察記録.PDFFilePanel-DocumentArea-Line1Text (4),0,侵入,
OrganizeMainScene-GameObject-Canvas-警察記録.PDFFilePanel-DocumentArea-Line2Text,0,"約3ヶ月前から知らない男性に付きまとわれるようになりました。最初はカフェでの偶然の出会いだと思っていましたが、その後SNSで見つけられ、連絡が来るようになりました。初めは文学の話などで返信していましたが、次第に　　されていることに気づきました。通勤経路や行きつけの場所を知られており、自宅の周辺で見かけることも増えました。
先週からは　　めいたメッセージが増え、「僕たちは特別な関係なのに」「なぜ避けるのか」などと執拗に連絡が来ます。昨日は自宅のポストに知らないうちに手紙が入れられており、　　されたのではないかと不安です。",
OrganizeMainScene-GameObject-Canvas-警察記録.PDFFilePanel-DocumentArea-Line3Text,0,"対応状況：
　・被害者宅周辺のパトロール強化
　・被疑者への接触禁止の警告
　・被害者への安全指導実施済み",
OrganizeMainScene-GameObject-Canvas-警察記録.PDFFilePanel-TitleBar-TitleText,0,警察記録.pdf,
OrganizeMainScene-GameObject-Canvas-警察署前.PNGFilePanel-TitleBar-TitleText,0,警察署前.png,
OrganizeMainScene-GameObject-Canvas-喧嘩.PNGFilePanel-TitleBar-TitleText,0,喧嘩.png,
OrganizeMainScene-GameObject-Canvas-最後の警告.TXTFilePanel-ContentScrollView-Viewport-Content-DialogueArea-DialogLine,0,もうやめろ、頼む,
OrganizeMainScene-GameObject-Canvas-最後の警告.TXTFilePanel-ContentScrollView-Viewport-Content-DialogueArea-DialogLine (1),0,何をやめろって？,
OrganizeMainScene-GameObject-Canvas-最後の警告.TXTFilePanel-ContentScrollView-Viewport-Content-DialogueArea-DialogLine (2),0,彼女の家の前で待ち伏せしてるって聞いたぞ,
OrganizeMainScene-GameObject-Canvas-最後の警告.TXTFilePanel-ContentScrollView-Viewport-Content-DialogueArea-DialogLine (3),0,誰が言ったんだ,
OrganizeMainScene-GameObject-Canvas-最後の警告.TXTFilePanel-ContentScrollView-Viewport-Content-DialogueArea-DialogLine (4),0,関係ない。お前、おかしくなってる,
OrganizeMainScene-GameObject-Canvas-最後の警告.TXTFilePanel-ContentScrollView-Viewport-Content-DialogueArea-DialogLine (5),0,ぼくが何をした？彼女を愛しているだけだ,
OrganizeMainScene-GameObject-Canvas-最後の警告.TXTFilePanel-ContentScrollView-Viewport-Content-DialogueArea-DialogLine (6),0,これは愛じゃない,
OrganizeMainScene-GameObject-Canvas-最後の警告.TXTFilePanel-ContentScrollView-Viewport-Content-DialogueArea-DialogLine (7),0,僕たちのことは君には理解できないよ,
OrganizeMainScene-GameObject-Canvas-最後の警告.TXTFilePanel-ContentScrollView-Viewport-Content-DialogueArea-DialogLine (8),0,彼女は怖がってるんだぞ,
OrganizeMainScene-GameObject-Canvas-最後の警告.TXTFilePanel-ContentScrollView-Viewport-Content-DialogueArea-DialogLine (9),0,そんなわけないだろ、何をバカなことを...,
OrganizeMainScene-GameObject-Canvas-最後の警告.TXTFilePanel-ContentScrollView-Viewport-Content-DropAreas-DropArea (1)-Text (TMP),0,ぼく：,
OrganizeMainScene-GameObject-Canvas-最後の警告.TXTFilePanel-ContentScrollView-Viewport-Content-DropAreas-DropArea (2)-Text (TMP),0,友人：,
OrganizeMainScene-GameObject-Canvas-最後の警告.TXTFilePanel-ContentScrollView-Viewport-Content-DropAreas-DropArea (3)-Text (TMP),0,ぼく：,
OrganizeMainScene-GameObject-Canvas-最後の警告.TXTFilePanel-ContentScrollView-Viewport-Content-DropAreas-DropArea (4)-Text (TMP),0,友人：,
OrganizeMainScene-GameObject-Canvas-最後の警告.TXTFilePanel-ContentScrollView-Viewport-Content-DropAreas-DropArea (5)-Text (TMP),0,ぼく：,
OrganizeMainScene-GameObject-Canvas-最後の警告.TXTFilePanel-ContentScrollView-Viewport-Content-DropAreas-DropArea (6)-Text (TMP),0,友人：,
OrganizeMainScene-GameObject-Canvas-最後の警告.TXTFilePanel-ContentScrollView-Viewport-Content-DropAreas-DropArea (7)-Text (TMP),0,ぼく：,
OrganizeMainScene-GameObject-Canvas-最後の警告.TXTFilePanel-ContentScrollView-Viewport-Content-DropAreas-DropArea (8)-Text (TMP),0,友人：,
OrganizeMainScene-GameObject-Canvas-最後の警告.TXTFilePanel-ContentScrollView-Viewport-Content-DropAreas-DropArea (9)-Text (TMP),0,ぼく：,
OrganizeMainScene-GameObject-Canvas-最後の警告.TXTFilePanel-ContentScrollView-Viewport-Content-DropAreas-DropArea-Text (TMP),0,友人：,
OrganizeMainScene-GameObject-Canvas-最後の警告.TXTFilePanel-TitleBar-TitleText,0,最後の警告.txt,
OrganizeMainScene-GameObject-Canvas-思い出FilePanel-思い出ファイル-カフェの彼女.png-Text (TMP),0,カフェの彼女.png,
OrganizeMainScene-GameObject-Canvas-思い出FilePanel-思い出ファイル-偶然の再会.txt-Text (TMP),0,偶然の再会.txt,
OrganizeMainScene-GameObject-Canvas-思い出FilePanel-思い出ファイル-初めて見かけた日.txt-Text (TMP),0,初めて見かけた日.txt,
OrganizeMainScene-GameObject-Canvas-思い出FilePanel-思い出ファイル-通勤路.png-Text (TMP),0,通勤路.png,
OrganizeMainScene-GameObject-Canvas-思い出FilePanel-思い出ファイル-彼女のこと.txt-Text (TMP),0,彼女のこと.txt,
OrganizeMainScene-GameObject-Canvas-事故報告書.PDFFilePanel-DocumentArea-Line1Text,0,"発生日時：2023年7月28日 22:47
発生場所：東京都新宿区桜町△-□□（　　　　　　）
    天候：雨
道路状況：路面湿潤、横断歩道なし",
OrganizeMainScene-GameObject-Canvas-事故報告書.PDFFilePanel-DocumentArea-Line1Text (1),0,被害者宅付近,
OrganizeMainScene-GameObject-Canvas-事故報告書.PDFFilePanel-DocumentArea-Line2Text,0,"事故状況：鈴木啓太（28歳・歩行者）が深夜、住宅街の路上を歩行中、横断歩道のない場所で急に車道に飛び出したところ、山田浩二（52歳・乗用車運転手）の運転する乗用車と衝突。走行車は制限速度内で走行しており、雨天による視界不良と急な飛び出しにより回避できなかった。

目撃者証言：
・目撃者Aの証言によると、鈴木啓太は事故直前、マンションの外を　　　　　　　の様子で、何かに気を取られていたとのこと。
・目撃者Bは「車道に向かって走り出す直前、誰かを押すような動作をしていた」と証言。ただし雨天のため詳細は不明。",
OrganizeMainScene-GameObject-Canvas-事故報告書.PDFFilePanel-DocumentArea-Line2Text (1),0,ストーキング中,
OrganizeMainScene-GameObject-Canvas-事故報告書.PDFFilePanel-DocumentArea-Line3Text,0,"負傷状況：
鈴木啓太：頭部外傷、右足骨折、　　　　の状態で病院搬送
山田浩二：軽度の首の痛み、ショック症状",
OrganizeMainScene-GameObject-Canvas-事故報告書.PDFFilePanel-DocumentArea-Line3Text (1),0,意識不明,
OrganizeMainScene-GameObject-Canvas-事故報告書.PDFFilePanel-TitleBar-TitleText,0,事故報告書.pdf,
OrganizeMainScene-GameObject-Canvas-初めての喧嘩.TXTFilePanel-ContentScrollView-Viewport-Content-DialogueArea-DialogLine,0,最近連絡がつかないけど、大丈夫？,
OrganizeMainScene-GameObject-Canvas-初めての喧嘩.TXTFilePanel-ContentScrollView-Viewport-Content-DialogueArea-DialogLine (1),0,心配してるんだ,
OrganizeMainScene-GameObject-Canvas-初めての喧嘩.TXTFilePanel-ContentScrollView-Viewport-Content-DialogueArea-DialogLine (10),0,特に何もないです。ただ忙しいだけ,
OrganizeMainScene-GameObject-Canvas-初めての喧嘩.TXTFilePanel-ContentScrollView-Viewport-Content-DialogueArea-DialogLine (11),0,いつなら会える？,
OrganizeMainScene-GameObject-Canvas-初めての喧嘩.TXTFilePanel-ContentScrollView-Viewport-Content-DialogueArea-DialogLine (12),0,返事がないと不安になるよ,
OrganizeMainScene-GameObject-Canvas-初めての喧嘩.TXTFilePanel-ContentScrollView-Viewport-Content-DialogueArea-DialogLine (13),0,昨日あなたのアパートの前を通りかかったんだ,
OrganizeMainScene-GameObject-Canvas-初めての喧嘩.TXTFilePanel-ContentScrollView-Viewport-Content-DialogueArea-DialogLine (14),0,どうして僕を避けるの？特別な関係でしょ,
OrganizeMainScene-GameObject-Canvas-初めての喧嘩.TXTFilePanel-ContentScrollView-Viewport-Content-DialogueArea-DialogLine (15),0,もう連絡しないでください,
OrganizeMainScene-GameObject-Canvas-初めての喧嘩.TXTFilePanel-ContentScrollView-Viewport-Content-DialogueArea-DialogLine (16),0,どうして？何があったの？,
OrganizeMainScene-GameObject-Canvas-初めての喧嘩.TXTFilePanel-ContentScrollView-Viewport-Content-DialogueArea-DialogLine (17),0,警察に相談しますよ,
OrganizeMainScene-GameObject-Canvas-初めての喧嘩.TXTFilePanel-ContentScrollView-Viewport-Content-DialogueArea-DialogLine (18),0,僕はただ心配で...,
OrganizeMainScene-GameObject-Canvas-初めての喧嘩.TXTFilePanel-ContentScrollView-Viewport-Content-DialogueArea-DialogLine (2),0,何か怒らせてしまったかな？,
OrganizeMainScene-GameObject-Canvas-初めての喧嘩.TXTFilePanel-ContentScrollView-Viewport-Content-DialogueArea-DialogLine (3),0,返事をくれたら嬉しいです,
OrganizeMainScene-GameObject-Canvas-初めての喧嘩.TXTFilePanel-ContentScrollView-Viewport-Content-DialogueArea-DialogLine (4),0,プルーストの新しい解釈について話したい,
OrganizeMainScene-GameObject-Canvas-初めての喧嘩.TXTFilePanel-ContentScrollView-Viewport-Content-DialogueArea-DialogLine (5),0,すみません、最近忙しくて,
OrganizeMainScene-GameObject-Canvas-初めての喧嘩.TXTFilePanel-ContentScrollView-Viewport-Content-DialogueArea-DialogLine (6),0,しばらく返信できないと思います,
OrganizeMainScene-GameObject-Canvas-初めての喧嘩.TXTFilePanel-ContentScrollView-Viewport-Content-DialogueArea-DialogLine (7),0,何かあったの？手伝えることがあれば言って,
OrganizeMainScene-GameObject-Canvas-初めての喧嘩.TXTFilePanel-ContentScrollView-Viewport-Content-DialogueArea-DialogLine (8),0,体調を崩したりしてないよね？,
OrganizeMainScene-GameObject-Canvas-初めての喧嘩.TXTFilePanel-ContentScrollView-Viewport-Content-DialogueArea-DialogLine (9),0,僕が何かしたのなら謝るよ,
OrganizeMainScene-GameObject-Canvas-初めての喧嘩.TXTFilePanel-ContentScrollView-Viewport-Content-DropAreas-DropArea (1)-Text (TMP),0,ぼく：,
OrganizeMainScene-GameObject-Canvas-初めての喧嘩.TXTFilePanel-ContentScrollView-Viewport-Content-DropAreas-DropArea (10)-Text (TMP),0,彼女：,
OrganizeMainScene-GameObject-Canvas-初めての喧嘩.TXTFilePanel-ContentScrollView-Viewport-Content-DropAreas-DropArea (11)-Text (TMP),0,ぼく：,
OrganizeMainScene-GameObject-Canvas-初めての喧嘩.TXTFilePanel-ContentScrollView-Viewport-Content-DropAreas-DropArea (12)-Text (TMP),0,ぼく：,
OrganizeMainScene-GameObject-Canvas-初めての喧嘩.TXTFilePanel-ContentScrollView-Viewport-Content-DropAreas-DropArea (13)-Text (TMP),0,ぼく：,
OrganizeMainScene-GameObject-Canvas-初めての喧嘩.TXTFilePanel-ContentScrollView-Viewport-Content-DropAreas-DropArea (14)-Text (TMP),0,ぼく：,
OrganizeMainScene-GameObject-Canvas-初めての喧嘩.TXTFilePanel-ContentScrollView-Viewport-Content-DropAreas-DropArea (15)-Text (TMP),0,彼女：,
OrganizeMainScene-GameObject-Canvas-初めての喧嘩.TXTFilePanel-ContentScrollView-Viewport-Content-DropAreas-DropArea (16)-Text (TMP),0,ぼく：,
OrganizeMainScene-GameObject-Canvas-初めての喧嘩.TXTFilePanel-ContentScrollView-Viewport-Content-DropAreas-DropArea (17)-Text (TMP),0,彼女：,
OrganizeMainScene-GameObject-Canvas-初めての喧嘩.TXTFilePanel-ContentScrollView-Viewport-Content-DropAreas-DropArea (18)-Text (TMP),0,ぼく：,
OrganizeMainScene-GameObject-Canvas-初めての喧嘩.TXTFilePanel-ContentScrollView-Viewport-Content-DropAreas-DropArea (2)-Text (TMP),0,ぼく：,
OrganizeMainScene-GameObject-Canvas-初めての喧嘩.TXTFilePanel-ContentScrollView-Viewport-Content-DropAreas-DropArea (3)-Text (TMP),0,ぼく：,
OrganizeMainScene-GameObject-Canvas-初めての喧嘩.TXTFilePanel-ContentScrollView-Viewport-Content-DropAreas-DropArea (4)-Text (TMP),0,ぼく：,
OrganizeMainScene-GameObject-Canvas-初めての喧嘩.TXTFilePanel-ContentScrollView-Viewport-Content-DropAreas-DropArea (5)-Text (TMP),0,彼女：,
OrganizeMainScene-GameObject-Canvas-初めての喧嘩.TXTFilePanel-ContentScrollView-Viewport-Content-DropAreas-DropArea (6)-Text (TMP),0,彼女：,
OrganizeMainScene-GameObject-Canvas-初めての喧嘩.TXTFilePanel-ContentScrollView-Viewport-Content-DropAreas-DropArea (7)-Text (TMP),0,ぼく：,
OrganizeMainScene-GameObject-Canvas-初めての喧嘩.TXTFilePanel-ContentScrollView-Viewport-Content-DropAreas-DropArea (8)-Text (TMP),0,ぼく：,
OrganizeMainScene-GameObject-Canvas-初めての喧嘩.TXTFilePanel-ContentScrollView-Viewport-Content-DropAreas-DropArea (9)-Text (TMP),0,ぼく：,
OrganizeMainScene-GameObject-Canvas-初めての喧嘩.TXTFilePanel-ContentScrollView-Viewport-Content-DropAreas-DropArea-Text (TMP),0,ぼく：,
OrganizeMainScene-GameObject-Canvas-初めての喧嘩.TXTFilePanel-TitleBar-TitleText,0,初めての喧嘩？.txt,
OrganizeMainScene-GameObject-Canvas-初めて見かけた日.TXTFilePanel-ContentScrollView-Viewport-Content-DialogueArea-DialogLine,0,あのカフェ、雰囲気よかったよね,
OrganizeMainScene-GameObject-Canvas-初めて見かけた日.TXTFilePanel-ContentScrollView-Viewport-Content-DialogueArea-DialogLine (1),0,そうだな、コーヒーも美味しかったし,
OrganizeMainScene-GameObject-Canvas-初めて見かけた日.TXTFilePanel-ContentScrollView-Viewport-Content-DialogueArea-DialogLine (10),0,また行くのかよ,
OrganizeMainScene-GameObject-Canvas-初めて見かけた日.TXTFilePanel-ContentScrollView-Viewport-Content-DialogueArea-DialogLine (2),0,あそこにいた女の子、すごく印象的だった,
OrganizeMainScene-GameObject-Canvas-初めて見かけた日.TXTFilePanel-ContentScrollView-Viewport-Content-DialogueArea-DialogLine (3),0,どの子？,
OrganizeMainScene-GameObject-Canvas-初めて見かけた日.TXTFilePanel-ContentScrollView-Viewport-Content-DialogueArea-DialogLine (4),0,窓際の席で本を読んでた子。,
OrganizeMainScene-GameObject-Canvas-初めて見かけた日.TXTFilePanel-ContentScrollView-Viewport-Content-DialogueArea-DialogLine (5),0,『失われた時を求めて』を読んでたよ,
OrganizeMainScene-GameObject-Canvas-初めて見かけた日.TXTFilePanel-ContentScrollView-Viewport-Content-DialogueArea-DialogLine (6),0,へぇ、そんなに気になったの？,
OrganizeMainScene-GameObject-Canvas-初めて見かけた日.TXTFilePanel-ContentScrollView-Viewport-Content-DialogueArea-DialogLine (7),0,ぼくも好きな本なんだ...特別な感じする,
OrganizeMainScene-GameObject-Canvas-初めて見かけた日.TXTFilePanel-ContentScrollView-Viewport-Content-DialogueArea-DialogLine (8),0,ふーん、そうなんだ,
OrganizeMainScene-GameObject-Canvas-初めて見かけた日.TXTFilePanel-ContentScrollView-Viewport-Content-DialogueArea-DialogLine (9),0,また行ってみようかな,
OrganizeMainScene-GameObject-Canvas-初めて見かけた日.TXTFilePanel-ContentScrollView-Viewport-Content-DropAreas-DropArea (1)-Text (TMP),0,友人：,
OrganizeMainScene-GameObject-Canvas-初めて見かけた日.TXTFilePanel-ContentScrollView-Viewport-Content-DropAreas-DropArea (10)-Text (TMP),0,友人：,
OrganizeMainScene-GameObject-Canvas-初めて見かけた日.TXTFilePanel-ContentScrollView-Viewport-Content-DropAreas-DropArea (2)-Text (TMP),0,ぼく：,
OrganizeMainScene-GameObject-Canvas-初めて見かけた日.TXTFilePanel-ContentScrollView-Viewport-Content-DropAreas-DropArea (3)-Text (TMP),0,友人：,
OrganizeMainScene-GameObject-Canvas-初めて見かけた日.TXTFilePanel-ContentScrollView-Viewport-Content-DropAreas-DropArea (4)-Text (TMP),0,ぼく：,
OrganizeMainScene-GameObject-Canvas-初めて見かけた日.TXTFilePanel-ContentScrollView-Viewport-Content-DropAreas-DropArea (5)-Text (TMP),0,ぼく：,
OrganizeMainScene-GameObject-Canvas-初めて見かけた日.TXTFilePanel-ContentScrollView-Viewport-Content-DropAreas-DropArea (6)-Text (TMP),0,友人：,
OrganizeMainScene-GameObject-Canvas-初めて見かけた日.TXTFilePanel-ContentScrollView-Viewport-Content-DropAreas-DropArea (7)-Text (TMP),0,ぼく：,
OrganizeMainScene-GameObject-Canvas-初めて見かけた日.TXTFilePanel-ContentScrollView-Viewport-Content-DropAreas-DropArea (8)-Text (TMP),0,友人：,
OrganizeMainScene-GameObject-Canvas-初めて見かけた日.TXTFilePanel-ContentScrollView-Viewport-Content-DropAreas-DropArea (9)-Text (TMP),0,ぼく：,
OrganizeMainScene-GameObject-Canvas-初めて見かけた日.TXTFilePanel-ContentScrollView-Viewport-Content-DropAreas-DropArea-Text (TMP),0,ぼく：,
OrganizeMainScene-GameObject-Canvas-初めて見かけた日.TXTFilePanel-TitleBar-TitleText,0,初めて見かけた日.txt,
OrganizeMainScene-GameObject-Canvas-親友からの忠告.TXTFilePanel-ContentScrollView-Viewport-Content-DialogueArea-DialogLine,0,最近どうしたんだよ、全然連絡取れないじゃないか,
OrganizeMainScene-GameObject-Canvas-親友からの忠告.TXTFilePanel-ContentScrollView-Viewport-Content-DialogueArea-DialogLine (1),0,忙しかったんだ。彼女のことで,
OrganizeMainScene-GameObject-Canvas-親友からの忠告.TXTFilePanel-ContentScrollView-Viewport-Content-DialogueArea-DialogLine (2),0,彼女って...またあの子か？,
OrganizeMainScene-GameObject-Canvas-親友からの忠告.TXTFilePanel-ContentScrollView-Viewport-Content-DialogueArea-DialogLine (3),0,うん、もっと特別な関係になれそうなんだ,
OrganizeMainScene-GameObject-Canvas-親友からの忠告.TXTFilePanel-ContentScrollView-Viewport-Content-DialogueArea-DialogLine (4),0,お前、まだ粘着してるのか,
OrganizeMainScene-GameObject-Canvas-親友からの忠告.TXTFilePanel-ContentScrollView-Viewport-Content-DialogueArea-DialogLine (5),0,粘着なんかじゃない。愛だよ,
OrganizeMainScene-GameObject-Canvas-親友からの忠告.TXTFilePanel-ContentScrollView-Viewport-Content-DialogueArea-DialogLine (6),0,これは恋愛じゃなくてストーキングだよ,
OrganizeMainScene-GameObject-Canvas-親友からの忠告.TXTFilePanel-ContentScrollView-Viewport-Content-DialogueArea-DialogLine (7),0,彼女は僕のことを理解していないだけだ,
OrganizeMainScene-GameObject-Canvas-親友からの忠告.TXTFilePanel-ContentScrollView-Viewport-Content-DialogueArea-DialogLine (8),0,警察沙汰になるぞ、マジで,
OrganizeMainScene-GameObject-Canvas-親友からの忠告.TXTFilePanel-ContentScrollView-Viewport-Content-DialogueArea-DialogLine (9),0,なぜ？彼女は喜んでいるよ,
OrganizeMainScene-GameObject-Canvas-親友からの忠告.TXTFilePanel-ContentScrollView-Viewport-Content-DropAreas-DropArea (1)-Text (TMP),0,ぼく：,
OrganizeMainScene-GameObject-Canvas-親友からの忠告.TXTFilePanel-ContentScrollView-Viewport-Content-DropAreas-DropArea (2)-Text (TMP),0,友人：,
OrganizeMainScene-GameObject-Canvas-親友からの忠告.TXTFilePanel-ContentScrollView-Viewport-Content-DropAreas-DropArea (3)-Text (TMP),0,ぼく：,
OrganizeMainScene-GameObject-Canvas-親友からの忠告.TXTFilePanel-ContentScrollView-Viewport-Content-DropAreas-DropArea (4)-Text (TMP),0,友人：,
OrganizeMainScene-GameObject-Canvas-親友からの忠告.TXTFilePanel-ContentScrollView-Viewport-Content-DropAreas-DropArea (5)-Text (TMP),0,ぼく：,
OrganizeMainScene-GameObject-Canvas-親友からの忠告.TXTFilePanel-ContentScrollView-Viewport-Content-DropAreas-DropArea (6)-Text (TMP),0,友人：,
OrganizeMainScene-GameObject-Canvas-親友からの忠告.TXTFilePanel-ContentScrollView-Viewport-Content-DropAreas-DropArea (7)-Text (TMP),0,ぼく：,
OrganizeMainScene-GameObject-Canvas-親友からの忠告.TXTFilePanel-ContentScrollView-Viewport-Content-DropAreas-DropArea (8)-Text (TMP),0,友人：,
OrganizeMainScene-GameObject-Canvas-親友からの忠告.TXTFilePanel-ContentScrollView-Viewport-Content-DropAreas-DropArea (9)-Text (TMP),0,ぼく：,
OrganizeMainScene-GameObject-Canvas-親友からの忠告.TXTFilePanel-ContentScrollView-Viewport-Content-DropAreas-DropArea-Text (TMP),0,友人：,
OrganizeMainScene-GameObject-Canvas-親友からの忠告.TXTFilePanel-TitleBar-TitleText,0,親友からの忠告.txt,
OrganizeMainScene-GameObject-Canvas-診断書.PDFFilePanel-DocumentArea-Line1Text,0,"患者氏名：鈴木 啓太
年齢：28歳",
OrganizeMainScene-GameObject-Canvas-診断書.PDFFilePanel-DocumentArea-Line2Text,0,"診断：　　　　　、急性ストレス反応あり",
OrganizeMainScene-GameObject-Canvas-診断書.PDFFilePanel-DocumentArea-Line2Text (1),0,妄想性障害,
OrganizeMainScene-GameObject-Canvas-診断書.PDFFilePanel-DocumentArea-Line3Text,0,"所見：
患者は交通事故による一時的な記憶障害から回復過程にありますが、特定の女性に対する強い執着と　　　　　　が認められます。自分と対象者との関係性を実際よりも親密なものと誤認識しており、その認識を修正することに強い抵抗を示しています。",
OrganizeMainScene-GameObject-Canvas-診断書.PDFFilePanel-DocumentArea-Line3Text (1),0,現実との乖離,
OrganizeMainScene-GameObject-Canvas-診断書.PDFFilePanel-DocumentArea-Line4Text,0,思考内容には強迫観念的な要素が見られ、対象者との「　　　　　」を証明しようとする行動パターンが顕著です。現状では自身の行動が相手に与える影響について洞察が不足しています。,
OrganizeMainScene-GameObject-Canvas-診断書.PDFFilePanel-DocumentArea-Line4Text (1),0,特別な関係,
OrganizeMainScene-GameObject-Canvas-診断書.PDFFilePanel-DocumentArea-Line5Text,0,"治療計画：
	・認知行動療法（週1回）
	・必要に応じた薬物療法の検討
	・現実検討能力の向上を目指した介入",
OrganizeMainScene-GameObject-Canvas-診断書.PDFFilePanel-TitleBar-TitleText,0,診断書.pdf,
OrganizeMainScene-GameObject-Canvas-窓越しの彼女.PNGFilePanel-TitleBar-TitleText,0,窓越しの彼女.png,
OrganizeMainScene-GameObject-Canvas-通勤路.PNGFilePanel-TitleBar-TitleText,0,通勤路.png,
OrganizeMainScene-GameObject-Canvas-特別な場所.PNGFilePanel-TitleBar-TitleText,0,特別な場所.png,
OrganizeMainScene-GameObject-Canvas-彼女との文通.TXTFilePanel-ContentScrollView-Viewport-Content-DialogueArea-DialogLine,0,今日はプルーストの話ができて楽しかった。,
OrganizeMainScene-GameObject-Canvas-彼女との文通.TXTFilePanel-ContentScrollView-Viewport-Content-DialogueArea-DialogLine (1),0,こちらこそ、楽しい時間をありがとう,
OrganizeMainScene-GameObject-Canvas-彼女との文通.TXTFilePanel-ContentScrollView-Viewport-Content-DialogueArea-DialogLine (10),0,そっか、ぼくのSNSアカウントまだ知らないよね,
OrganizeMainScene-GameObject-Canvas-彼女との文通.TXTFilePanel-ContentScrollView-Viewport-Content-DialogueArea-DialogLine (11),0,このアカウントに、予定が決まったら連絡して,
OrganizeMainScene-GameObject-Canvas-彼女との文通.TXTFilePanel-ContentScrollView-Viewport-Content-DialogueArea-DialogLine (12),0,・・・うん、わかった,
OrganizeMainScene-GameObject-Canvas-彼女との文通.TXTFilePanel-ContentScrollView-Viewport-Content-DialogueArea-DialogLine (2),0,また機会があればお話したいです,
OrganizeMainScene-GameObject-Canvas-彼女との文通.TXTFilePanel-ContentScrollView-Viewport-Content-DialogueArea-DialogLine (3),0,ぜひ。プルーストについてもっと話したいです,
OrganizeMainScene-GameObject-Canvas-彼女との文通.TXTFilePanel-ContentScrollView-Viewport-Content-DialogueArea-DialogLine (4),0,明日、もしよければカフェでお茶しませんか？,
OrganizeMainScene-GameObject-Canvas-彼女との文通.TXTFilePanel-ContentScrollView-Viewport-Content-DialogueArea-DialogLine (5),0,ごめんなさい、明日は予定があるんです,
OrganizeMainScene-GameObject-Canvas-彼女との文通.TXTFilePanel-ContentScrollView-Viewport-Content-DialogueArea-DialogLine (6),0,じゃあ明後日はどうですか？,
OrganizeMainScene-GameObject-Canvas-彼女との文通.TXTFilePanel-ContentScrollView-Viewport-Content-DialogueArea-DialogLine (7),0,う～ん、ちょっと考えておきます,
OrganizeMainScene-GameObject-Canvas-彼女との文通.TXTFilePanel-ContentScrollView-Viewport-Content-DialogueArea-DialogLine (8),0,お返事待ってますね。,
OrganizeMainScene-GameObject-Canvas-彼女との文通.TXTFilePanel-ContentScrollView-Viewport-Content-DialogueArea-DialogLine (9),0,返事？,
OrganizeMainScene-GameObject-Canvas-彼女との文通.TXTFilePanel-ContentScrollView-Viewport-Content-DropAreas-DropArea (1)-Text (TMP),0,彼女：,
OrganizeMainScene-GameObject-Canvas-彼女との文通.TXTFilePanel-ContentScrollView-Viewport-Content-DropAreas-DropArea (10)-Text (TMP),0,ぼく：,
OrganizeMainScene-GameObject-Canvas-彼女との文通.TXTFilePanel-ContentScrollView-Viewport-Content-DropAreas-DropArea (11)-Text (TMP),0,ぼく：,
OrganizeMainScene-GameObject-Canvas-彼女との文通.TXTFilePanel-ContentScrollView-Viewport-Content-DropAreas-DropArea (12)-Text (TMP),0,彼女：,
OrganizeMainScene-GameObject-Canvas-彼女との文通.TXTFilePanel-ContentScrollView-Viewport-Content-DropAreas-DropArea (2)-Text (TMP),0,ぼく：,
OrganizeMainScene-GameObject-Canvas-彼女との文通.TXTFilePanel-ContentScrollView-Viewport-Content-DropAreas-DropArea (3)-Text (TMP),0,彼女：,
OrganizeMainScene-GameObject-Canvas-彼女との文通.TXTFilePanel-ContentScrollView-Viewport-Content-DropAreas-DropArea (4)-Text (TMP),0,ぼく：,
OrganizeMainScene-GameObject-Canvas-彼女との文通.TXTFilePanel-ContentScrollView-Viewport-Content-DropAreas-DropArea (5)-Text (TMP),0,彼女：,
OrganizeMainScene-GameObject-Canvas-彼女との文通.TXTFilePanel-ContentScrollView-Viewport-Content-DropAreas-DropArea (6)-Text (TMP),0,ぼく：,
OrganizeMainScene-GameObject-Canvas-彼女との文通.TXTFilePanel-ContentScrollView-Viewport-Content-DropAreas-DropArea (7)-Text (TMP),0,彼女：,
OrganizeMainScene-GameObject-Canvas-彼女との文通.TXTFilePanel-ContentScrollView-Viewport-Content-DropAreas-DropArea (8)-Text (TMP),0,ぼく：,
OrganizeMainScene-GameObject-Canvas-彼女との文通.TXTFilePanel-ContentScrollView-Viewport-Content-DropAreas-DropArea (9)-Text (TMP),0,彼女：,
OrganizeMainScene-GameObject-Canvas-彼女との文通.TXTFilePanel-ContentScrollView-Viewport-Content-DropAreas-DropArea-Text (TMP),0,ぼく：,
OrganizeMainScene-GameObject-Canvas-彼女との文通.TXTFilePanel-TitleBar-TitleText,0,帰り際.txt,
OrganizeMainScene-GameObject-Canvas-彼女のこと.TXTFilePanel-ContentScrollView-Viewport-Content-DialogueArea-DialogLine,0,調べたよ、彼女のこと,
OrganizeMainScene-GameObject-Canvas-彼女のこと.TXTFilePanel-ContentScrollView-Viewport-Content-DialogueArea-DialogLine (1),0,どうやって？,
OrganizeMainScene-GameObject-Canvas-彼女のこと.TXTFilePanel-ContentScrollView-Viewport-Content-DialogueArea-DialogLine (10),0,やばっ（笑）,
OrganizeMainScene-GameObject-Canvas-彼女のこと.TXTFilePanel-ContentScrollView-Viewport-Content-DialogueArea-DialogLine (11),0,何がヤバいの？,
OrganizeMainScene-GameObject-Canvas-彼女のこと.TXTFilePanel-ContentScrollView-Viewport-Content-DialogueArea-DialogLine (12),0,好きになったら知りたくなるのは当然でしょ,
OrganizeMainScene-GameObject-Canvas-彼女のこと.TXTFilePanel-ContentScrollView-Viewport-Content-DialogueArea-DialogLine (13),0,いや・・・う、うん。そうだな・・・,
OrganizeMainScene-GameObject-Canvas-彼女のこと.TXTFilePanel-ContentScrollView-Viewport-Content-DialogueArea-DialogLine (2),0,えっ、片っ端しから調べて,
OrganizeMainScene-GameObject-Canvas-彼女のこと.TXTFilePanel-ContentScrollView-Viewport-Content-DialogueArea-DialogLine (3),0,ＳＮＳアカウントを見つけたよ,
OrganizeMainScene-GameObject-Canvas-彼女のこと.TXTFilePanel-ContentScrollView-Viewport-Content-DialogueArea-DialogLine (4),0,すごい執念だなぁ,
OrganizeMainScene-GameObject-Canvas-彼女のこと.TXTFilePanel-ContentScrollView-Viewport-Content-DialogueArea-DialogLine (5),0,普通だよ,
OrganizeMainScene-GameObject-Canvas-彼女のこと.TXTFilePanel-ContentScrollView-Viewport-Content-DialogueArea-DialogLine (6),0,文学部で、フランス文学が好きなんだって,
OrganizeMainScene-GameObject-Canvas-彼女のこと.TXTFilePanel-ContentScrollView-Viewport-Content-DialogueArea-DialogLine (7),0,どこまで調べたんだよ...,
OrganizeMainScene-GameObject-Canvas-彼女のこと.TXTFilePanel-ContentScrollView-Viewport-Content-DialogueArea-DialogLine (8),0,友達の投稿にタグ付けされてたから、,
OrganizeMainScene-GameObject-Canvas-彼女のこと.TXTFilePanel-ContentScrollView-Viewport-Content-DialogueArea-DialogLine (9),0,住んでる場所も大体分かった,
OrganizeMainScene-GameObject-Canvas-彼女のこと.TXTFilePanel-ContentScrollView-Viewport-Content-DropAreas-DropArea (1)-Text (TMP),0,友人：,
OrganizeMainScene-GameObject-Canvas-彼女のこと.TXTFilePanel-ContentScrollView-Viewport-Content-DropAreas-DropArea (10)-Text (TMP),0,友人：,
OrganizeMainScene-GameObject-Canvas-彼女のこと.TXTFilePanel-ContentScrollView-Viewport-Content-DropAreas-DropArea (11)-Text (TMP),0,ぼく：,
OrganizeMainScene-GameObject-Canvas-彼女のこと.TXTFilePanel-ContentScrollView-Viewport-Content-DropAreas-DropArea (12)-Text (TMP),0,ぼく：,
OrganizeMainScene-GameObject-Canvas-彼女のこと.TXTFilePanel-ContentScrollView-Viewport-Content-DropAreas-DropArea (13)-Text (TMP),0,友人：,
OrganizeMainScene-GameObject-Canvas-彼女のこと.TXTFilePanel-ContentScrollView-Viewport-Content-DropAreas-DropArea (2)-Text (TMP),0,ぼく：,
OrganizeMainScene-GameObject-Canvas-彼女のこと.TXTFilePanel-ContentScrollView-Viewport-Content-DropAreas-DropArea (3)-Text (TMP),0,ぼく：,
OrganizeMainScene-GameObject-Canvas-彼女のこと.TXTFilePanel-ContentScrollView-Viewport-Content-DropAreas-DropArea (4)-Text (TMP),0,友人：,
OrganizeMainScene-GameObject-Canvas-彼女のこと.TXTFilePanel-ContentScrollView-Viewport-Content-DropAreas-DropArea (5)-Text (TMP),0,ぼく：,
OrganizeMainScene-GameObject-Canvas-彼女のこと.TXTFilePanel-ContentScrollView-Viewport-Content-DropAreas-DropArea (6)-Text (TMP),0,ぼく：,
OrganizeMainScene-GameObject-Canvas-彼女のこと.TXTFilePanel-ContentScrollView-Viewport-Content-DropAreas-DropArea (7)-Text (TMP),0,友人：,
OrganizeMainScene-GameObject-Canvas-彼女のこと.TXTFilePanel-ContentScrollView-Viewport-Content-DropAreas-DropArea (8)-Text (TMP),0,ぼく：,
OrganizeMainScene-GameObject-Canvas-彼女のこと.TXTFilePanel-ContentScrollView-Viewport-Content-DropAreas-DropArea (9)-Text (TMP),0,ぼく：,
OrganizeMainScene-GameObject-Canvas-彼女のこと.TXTFilePanel-ContentScrollView-Viewport-Content-DropAreas-DropArea-Text (TMP),0,ぼく：,
OrganizeMainScene-GameObject-Canvas-彼女のこと.TXTFilePanel-TitleBar-TitleText,0,彼女のこと.txt,
OrganizeMainScene-GameObject-Canvas-被害者の手記.PDFFilePanel-DocumentArea-Line1Text,0,もう一ヶ月以上眠れない日が続いている。あの人のことを考えると、体が震えてしまう。最初は文学の話で盛り上がった親切な人だと思ったのに。どうしてこうなってしまったのだろう。,
OrganizeMainScene-GameObject-Canvas-被害者の手記.PDFFilePanel-DocumentArea-Line2Text,0,"窓の外を見るたびに、彼がいるような気がする。本当に　　でしかない。連絡先を教えたことを後悔している。初めの私の返信が彼を勇気づけてしまったのかもしれない。今となっては取り返しがつかない。
",
OrganizeMainScene-GameObject-Canvas-被害者の手記.PDFFilePanel-DocumentArea-Line2Text (1),0,恐怖,
OrganizeMainScene-GameObject-Canvas-被害者の手記.PDFFilePanel-DocumentArea-Line3Text,0,昨日も玄関先にプレゼントが置かれていた。断っているのに、なぜ理解してくれないのだろう。もう何日も　　　　　夜、物音がすると飛び起きてしまう。友人の家に泊めてもらおうかとも考えたけれど、彼に友人のことまで知られたくない。,
OrganizeMainScene-GameObject-Canvas-被害者の手記.PDFFilePanel-DocumentArea-Line3Text (1),0,眠れない。,
OrganizeMainScene-GameObject-Canvas-被害者の手記.PDFFilePanel-DocumentArea-Line4Text,0,時々カーテンの隙間から外を見ると、いつも同じ場所に彼がいる。常に　　　　　　　感覚が消えない。警察にも相談したけれど、具体的な脅迫がないと動けないと言われた。このまま私は、ずっと怯えて生きていくしかないのだろうか。,
OrganizeMainScene-GameObject-Canvas-被害者の手記.PDFFilePanel-DocumentArea-Line4Text (1),0,監視されている,
OrganizeMainScene-GameObject-Canvas-被害者の手記.PDFFilePanel-DocumentArea-Line5Text,0,できることなら、彼の記憶から私のことが消えてほしい。そうすれば、私も普通の日常に戻れるのに。,
OrganizeMainScene-GameObject-Canvas-被害者の手記.PDFFilePanel-TitleBar-TitleText,0,被害者の手記.pdf,
OrganizeMainScene-GameObject-Canvas-父親からの手紙.PDFFilePanel-DocumentArea-Line1Text,0,鈴木 啓太さんへ,
OrganizeMainScene-GameObject-Canvas-父親からの手紙.PDFFilePanel-DocumentArea-Line2Text,0,あなたは女性対して、数ヶ月に渡って執拗な接触を続けてきました。SNSを調べ、行動を監視し、自宅まで押しかけるなど、あなたの行動は明らかに彼女を　　　　　　　のです。,
OrganizeMainScene-GameObject-Canvas-父親からの手紙.PDFFilePanel-DocumentArea-Line2Text (1),0,娘を追い詰めた,
OrganizeMainScene-GameObject-Canvas-父親からの手紙.PDFFilePanel-DocumentArea-Line3Text,0,事故でいっさいの記憶を失ったとしても、あなたがした行為の責任は消えません。だからこそ、あなたには全てを　　　　　　必要があると考えました。この記憶の断片を見て、自分が何をしたのかを理解してください。,
OrganizeMainScene-GameObject-Canvas-父親からの手紙.PDFFilePanel-DocumentArea-Line3Text (1),0,思い出させる,
OrganizeMainScene-GameObject-Canvas-父親からの手紙.PDFFilePanel-DocumentArea-Line4Text,0,あなたが抱えている問題には専門的な治療が必要です。そして何より必要なのは、自分の行動への　　です。記憶を取り戻し、自分の行為と向き合うことが、あなた自身の回復への第一歩になるはずです。,
OrganizeMainScene-GameObject-Canvas-父親からの手紙.PDFFilePanel-DocumentArea-Line4Text (1),0,反省,
OrganizeMainScene-GameObject-Canvas-父親からの手紙.PDFFilePanel-DocumentArea-Line5Text,0,"　　　　　　　　　　　　　　　　　と言っています。
その願いを尊重してください。",
OrganizeMainScene-GameObject-Canvas-父親からの手紙.PDFFilePanel-DocumentArea-Line5Text (1),0,娘はもう二度とあなたに会いたくない,
OrganizeMainScene-GameObject-Canvas-父親からの手紙.PDFFilePanel-TitleBar-TitleText,0,父親からの手紙.pdf,
OrganizeMainScene-GameObject-Canvas-別れ話.TXTFilePanel-ContentScrollView-Viewport-Content-DialogueArea-DialogLine,0,もう関わりたくない,
OrganizeMainScene-GameObject-Canvas-別れ話.TXTFilePanel-ContentScrollView-Viewport-Content-DialogueArea-DialogLine (1),0,そう...,
OrganizeMainScene-GameObject-Canvas-別れ話.TXTFilePanel-ContentScrollView-Viewport-Content-DialogueArea-DialogLine (10),0,...なぜ？,
OrganizeMainScene-GameObject-Canvas-別れ話.TXTFilePanel-ContentScrollView-Viewport-Content-DialogueArea-DialogLine (2),0,警察に相談したからな、彼女の件で,
OrganizeMainScene-GameObject-Canvas-別れ話.TXTFilePanel-ContentScrollView-Viewport-Content-DialogueArea-DialogLine (3),0,なんで、ぼく達の邪魔をするんだ？,
OrganizeMainScene-GameObject-Canvas-別れ話.TXTFilePanel-ContentScrollView-Viewport-Content-DialogueArea-DialogLine (4),0,お前を止めるためだ,
OrganizeMainScene-GameObject-Canvas-別れ話.TXTFilePanel-ContentScrollView-Viewport-Content-DialogueArea-DialogLine (5),0,もしかして、君も彼女のことが好きなのか？,
OrganizeMainScene-GameObject-Canvas-別れ話.TXTFilePanel-ContentScrollView-Viewport-Content-DialogueArea-DialogLine (6),0,違う！そうじゃない,
OrganizeMainScene-GameObject-Canvas-別れ話.TXTFilePanel-ContentScrollView-Viewport-Content-DialogueArea-DialogLine (7),0,友達だから、止めようとしてる,
OrganizeMainScene-GameObject-Canvas-別れ話.TXTFilePanel-ContentScrollView-Viewport-Content-DialogueArea-DialogLine (8),0,...,
OrganizeMainScene-GameObject-Canvas-別れ話.TXTFilePanel-ContentScrollView-Viewport-Content-DialogueArea-DialogLine (9),0,自分を見つめ直せ,
OrganizeMainScene-GameObject-Canvas-別れ話.TXTFilePanel-ContentScrollView-Viewport-Content-DropAreas-DropArea (1)-Text (TMP),0,ぼく：,
OrganizeMainScene-GameObject-Canvas-別れ話.TXTFilePanel-ContentScrollView-Viewport-Content-DropAreas-DropArea (10)-Text (TMP),0,ぼく：,
OrganizeMainScene-GameObject-Canvas-別れ話.TXTFilePanel-ContentScrollView-Viewport-Content-DropAreas-DropArea (2)-Text (TMP),0,友人：,
OrganizeMainScene-GameObject-Canvas-別れ話.TXTFilePanel-ContentScrollView-Viewport-Content-DropAreas-DropArea (3)-Text (TMP),0,ぼく：,
OrganizeMainScene-GameObject-Canvas-別れ話.TXTFilePanel-ContentScrollView-Viewport-Content-DropAreas-DropArea (4)-Text (TMP),0,友人：,
OrganizeMainScene-GameObject-Canvas-別れ話.TXTFilePanel-ContentScrollView-Viewport-Content-DropAreas-DropArea (5)-Text (TMP),0,ぼく：,
OrganizeMainScene-GameObject-Canvas-別れ話.TXTFilePanel-ContentScrollView-Viewport-Content-DropAreas-DropArea (6)-Text (TMP),0,友人；,
OrganizeMainScene-GameObject-Canvas-別れ話.TXTFilePanel-ContentScrollView-Viewport-Content-DropAreas-DropArea (7)-Text (TMP),0,友人：,
OrganizeMainScene-GameObject-Canvas-別れ話.TXTFilePanel-ContentScrollView-Viewport-Content-DropAreas-DropArea (8)-Text (TMP),0,ぼく：,
OrganizeMainScene-GameObject-Canvas-別れ話.TXTFilePanel-ContentScrollView-Viewport-Content-DropAreas-DropArea (9)-Text (TMP),0,友人：,
OrganizeMainScene-GameObject-Canvas-別れ話.TXTFilePanel-ContentScrollView-Viewport-Content-DropAreas-DropArea-Text (TMP),0,友人：,
OrganizeMainScene-GameObject-Canvas-別れ話.TXTFilePanel-TitleBar-TitleText,0,別れ話.txt,
OrganizeMainScene-GameObject-Canvas-友人FilePanel-友人ファイル-警察署前.png-Text (TMP),0,警察署前.png,
OrganizeMainScene-GameObject-Canvas-友人FilePanel-友人ファイル-喧嘩.png-Text (TMP),0,喧嘩.png,
OrganizeMainScene-GameObject-Canvas-友人FilePanel-友人ファイル-最後の警告.txt-Text (TMP),0,最後の警告.txt,
OrganizeMainScene-GameObject-Canvas-友人FilePanel-友人ファイル-親友からの忠告.txt-Text (TMP),0,親友からの忠告.txt,
OrganizeMainScene-GameObject-Canvas-友人FilePanel-友人ファイル-別れ話.txt-Text (TMP),0,別れ話.txt,
OrganizeMainScene-GameObject-Canvas-恋人FilePanel-恋人ファイル-プレゼント.txt-Text (TMP),0,プレゼント.txt,
OrganizeMainScene-GameObject-Canvas-恋人FilePanel-恋人ファイル-初めての喧嘩？.txt-Text (TMP),0,初めての喧嘩？.txt,
OrganizeMainScene-GameObject-Canvas-恋人FilePanel-恋人ファイル-窓越しの彼女.png-Text (TMP),0,窓越しの彼女.png,
OrganizeMainScene-GameObject-Canvas-恋人FilePanel-恋人ファイル-特別な場所.png-Text (TMP),0,特別な場所.png,
OrganizeMainScene-GameObject-Canvas-恋人FilePanel-恋人ファイル-彼女との文通.txt-Text (TMP),0,帰り際.txt,
OrganizeMainScene-GameObject-DraggingCanvas-confirmationPanel-confirmationText,0,New Text,
OrganizeMainScene-GameObject-DraggingCanvas-confirmationPanel-confirmNoButton-Text (TMP),0,いいえ,
OrganizeMainScene-GameObject-DraggingCanvas-confirmationPanel-confirmYesButton-Text (TMP),0,はい,
OrganizeMainScene-GameObject-DraggingCanvas-TrashBoxTipsPanel-TrashBoxTipsText,0,New Text,
"Prefab-CommonSettingsPanel-CommonSettingsPanel-SettingsContainer-BackButton-Text (TMP) ""戻る""",0,戻る,
"Prefab-CommonSettingsPanel-CommonSettingsPanel-SettingsContainer-BGMVolumeControl-LabelText ""BGM音量""",0,BＧＭ,
"Prefab-CommonSettingsPanel-CommonSettingsPanel-SettingsContainer-SaveAndQuitButton-Text (TMP) ""保存して終了""",0,セーブしてから終了,
"Prefab-CommonSettingsPanel-CommonSettingsPanel-SettingsContainer-SEVolumeControl-LabelText ""SE音量""",0,ＳＥ,
Prefab-DialogueEntryPrefab-DialogueEntryPrefab-BubbleBackground-DialogueText,0,<セリフのサンプルテキスト。ここに実際のダイアログが入ります。>,
Prefab-DialogueEntryPrefab-DialogueEntryPrefab-BubbleBackground-SpeakerName,0,<話者名>,
Prefab-NarrationEntryPrefab-NarrationEntryPrefab-NarrationBackground -DialogueText,0,<ナレーションのサンプルテキスト。ここに説明文や状況説明が入ります。>,
Prefab-Text Popup-Text Popup-TextMeshPro Text,0,Sample,
Prefab-TextMeshPro - Prefab 1-TextMeshPro - Prefab 1,0,Seems to be ok!,
Prefab-TextMeshPro - Prefab 2-TextMeshPro - Prefab 2,0,Hello World!,
TitleScene-Canvas-MenuContainer-やめるボタン-Text (TMP),0,やめる,
TitleScene-Canvas-MenuContainer-思い出すボタン-Text (TMP),0,思い出す,
TitleScene-Canvas-MenuContainer-設定ボタン-Text (TMP),0,設定,
TitleScene-Canvas-QuitConfirmationPanel -いいえボタン-Text (TMP),0,いいえ,
TitleScene-Canvas-QuitConfirmationPanel -はいボタン-Text (TMP),0,はい,
TitleScene-Canvas-QuitConfirmationPanel -確認テキスト,0,ゲームを終了しますか？,
TitleScene-Canvas-SettingsPanel-GraphicsPanel-1280×720_Button-Text (TMP),0,1280 × 720,
TitleScene-Canvas-SettingsPanel-GraphicsPanel-1600×900_Button-Text (TMP),0,1600 × 900,
TitleScene-Canvas-SettingsPanel-GraphicsPanel-1920×1080_Button-Text (TMP),0,1920 × 1080,
TitleScene-Canvas-SettingsPanel-GraphicsPanel-960×540_Button-Text (TMP),0,960 × 540,
TitleScene-Canvas-SettingsPanel-GraphicsPanel-BackButton-Text (TMP),0,戻る,
TitleScene-Canvas-SettingsPanel-GraphicsPanel-SaveButton-Text (TMP),0,適用,
TitleScene-Canvas-SettingsPanel-GraphicsPanel-TitleText,0,グラフィック設定,
TitleScene-Canvas-SettingsPanel-LanguagePanel-BackButton-Text (TMP),0,戻る,
TitleScene-Canvas-SettingsPanel-LanguagePanel-LanguageDropdown-Label,0,日本語,
TitleScene-Canvas-SettingsPanel-LanguagePanel-LanguageDropdown-Template-Viewport-Content-Item-Item Label,0,Option A,
TitleScene-Canvas-SettingsPanel-LanguagePanel-SaveButton-Text (TMP),0,適用,
TitleScene-Canvas-SettingsPanel-LanguagePanel-TitleText,0,言語設定,
TitleScene-Canvas-SettingsPanel-SoundPanel-BackButton-Text (TMP),0,戻る,
TitleScene-Canvas-SettingsPanel-SoundPanel-BGMVolumeLabel,0,BGM音量,
TitleScene-Canvas-SettingsPanel-SoundPanel-MasterVolumeLabel,0,マスター音量,
TitleScene-Canvas-SettingsPanel-SoundPanel-SaveButton-Text (TMP),0,適用,
TitleScene-Canvas-SettingsPanel-SoundPanel-SFXVolumeLabel,0,効果音量,
TitleScene-Canvas-SettingsPanel-SoundPanel-TitleText,0,サウンド設定,
TitleScene-Canvas-SettingsPanel-グラフィックボタン-Text (TMP),0,グラフィック,
TitleScene-Canvas-SettingsPanel-サウンドボタン-Text (TMP),0,サウンド,
TitleScene-Canvas-SettingsPanel-データ初期化ボタン-Text (TMP),0,データ初期化,
TitleScene-Canvas-SettingsPanel-データ初期化確認パネル-いいえボタン-Text (TMP),0,いいえ,
TitleScene-Canvas-SettingsPanel-データ初期化確認パネル-はいボタン-Text (TMP),0,はい,
TitleScene-Canvas-SettingsPanel-データ初期化確認パネル-メッセージパネル-メッセージテキスト,0,保存されていたデータはすべて削除されました,
TitleScene-Canvas-SettingsPanel-データ初期化確認パネル-確認テキスト,0,ゲームを初期化しますか？,
TitleScene-Canvas-SettingsPanel-言語ボタン-Text (TMP),0,言語,
TitleScene-Canvas-SettingsPanel-戻るボタン-Text (TMP),0,戻る,
TitleScene-Canvas-TitleContainer,0,「願い」の記憶,
